scientific_name_edited	Scientific Name	Common Name	provided_taxonomy_group	derived_kingdom_group	Kingdom	State
Anas rubripes	Anas rubripes	American black duck	Birds	Animals	Animalia	Virginia
Haematopus palliatus	Haematopus palliatus	American oystercatcher	Birds	Animals	Animalia	Virginia
Scolopax minor	Scolopax minor	American woodcock	Birds	Animals	Animalia	Virginia
Peucaea aestivalis	Peucaea aestivalis	Bachman's sparrow	Birds	Animals	Animalia	Virginia
Riparia riparia	Riparia riparia	Bank swallow	Birds	Animals	Animalia	Virginia
Tyto alba	Tyto alba	Barn owl	Birds	Animals	Animalia	Virginia
Megaceryle lcyon	Megaceryle lcyon	Belted Kingfisher	Birds	Animals	Animalia	Virginia
Catharus bicknelli	Catharus bicknelli	Bicknell's thrush	Birds	Animals	Animalia	Virginia
Laterallus jamaicensis	Laterallus jamaicensis	Black rail	Birds	Animals	Animalia	Virginia
Rynchops niger	Rynchops niger	Black skimmer	Birds	Animals	Animalia	Virginia
Mniotilta varia	Mniotilta varia	Black-and-white warbler	Birds	Animals	Animalia	Virginia
Pluvialis squatarola	Pluvialis squatarola	Black-bellied plover (winter)	Birds	Animals	Animalia	Virginia
Coccyzus erythropthalmus	Coccyzus erythropthalmus	Black-billed cuckoo	Birds	Animals	Animalia	Virginia
Nycticorax nycticorax	Nycticorax nycticorax	Black-crowned night-heron	Birds	Animals	Animalia	Virginia
Branta bernicla	Branta bernicla	Brant	Birds	Animals	Animalia	Virginia
Toxostoma rufum	Toxostoma rufum	Brown thrasher	Birds	Animals	Animalia	Virginia
Cardellina canadensis	Cardellina canadensis	Canada warbler	Birds	Animals	Animalia	Virginia
Setophaga  cerulea	Setophaga  cerulea	Cerulean warbler	Birds	Animals	Animalia	Virginia
Chaetura pelagica	Chaetura pelagica	Chimney swift	Birds	Animals	Animalia	Virginia
Rallus longirostris	Rallus longirostris	Clapper rail	Birds	Animals	Animalia	Virginia
Sterna hirundo	Sterna hirundo	Common tern	Birds	Animals	Animalia	Virginia
Calidris alpina hudsonia	Calidris alpina hudsonia	Dunlin	Birds	Animals	Animalia	Virginia
Tyrannus tyrannus	Tyrannus tyrannus	Eastern kingbird	Birds	Animals	Animalia	Virginia
Sturnella magna	Sturnella magna	Eastern meadowlark	Birds	Animals	Animalia	Virginia
Pipilo erythrophthalmus	Pipilo erythrophthalmus	Eastern towhee	Birds	Animals	Animalia	Virginia
Antrostomus vociferus	Antrostomus vociferus	Eastern Whip-poor-will	Birds	Animals	Animalia	Virginia
Contopus virens	Contopus virens	Eastern wood-pewee	Birds	Animals	Animalia	Virginia
Spizella pusilla	Spizella pusilla	Field sparrow	Birds	Animals	Animalia	Virginia
Sterna forsteri	Sterna forsteri	Forster's tern	Birds	Animals	Animalia	Virginia
Plegadis falcinellus	Plegadis falcinellus	Glossy ibis	Birds	Animals	Animalia	Virginia
Aquila chrysaetos	Aquila chrysaetos	Golden Eagle	Birds	Animals	Animalia	Virginia
Vermivora chrysoptera	Vermivora chrysoptera	Golden-winged warbler	Birds	Animals	Animalia	Virginia
Ammodramus savannarum	Ammodramus savannarum	Grasshopper sparrow	Birds	Animals	Animalia	Virginia
Dumetella carolinensis	Dumetella carolinensis	Gray catbird	Birds	Animals	Animalia	Virginia
Aythya marila	Aythya marila	Greater scaup	Birds	Animals	Animalia	Virginia
Butorides virescens	Butorides virescens	Green heron	Birds	Animals	Animalia	Virginia
Gelochelidon nilotica	Gelochelidon nilotica	Gull-billed tern	Birds	Animals	Animalia	Virginia
Ammodramus henslowii	Ammodramus henslowii	Henslow's sparrow	Birds	Animals	Animalia	Virginia
Geothlypis formosa	Geothlypis formosa	Kentucky warbler	Birds	Animals	Animalia	Virginia
Rallus elegans	Rallus elegans	King rail	Birds	Animals	Animalia	Virginia
Leucophaeus atricilla	Leucophaeus atricilla	Laughing Gull	Birds	Animals	Animalia	Virginia
Ixobrychus exilis	Ixobrychus exilis	Least bittern	Birds	Animals	Animalia	Virginia
Sterna antillarum	Sterna antillarum	Least tern	Birds	Animals	Animalia	Virginia
Egretta caerulea	Egretta caerulea	Little blue heron	Birds	Animals	Animalia	Virginia
Lanius ludovicianus	Lanius ludovicianus	Loggerhead shrike	Birds	Animals	Animalia	Virginia
Limosa fedoa	Limosa fedoa	Marbled godwit	Birds	Animals	Animalia	Virginia
Cistothorus palustris	Cistothorus palustris	Marsh wren	Birds	Animals	Animalia	Virginia
Ammodramus nelsoni	Ammodramus nelsoni	Nelson's  sparrow (winter	Birds	Animals	Animalia	Virginia
Colinus virginianus	Colinus virginianus	Northern bobwhite	Birds	Animals	Animalia	Virginia
Colaptes auratus	Colaptes auratus	Northern Flicker	Birds	Animals	Animalia	Virginia
Morus bassanus	Morus bassanus	Northern Gannet	Birds	Animals	Animalia	Virginia
Circus cyaneus	Circus cyaneus	Northern harrier	Birds	Animals	Animalia	Virginia
Anas acuta	Anas acuta	Northern Pintail	Birds	Animals	Animalia	Virginia
Stelgidopteryx serripennis	Stelgidopteryx serripennis	Northern rough-winged swallow	Birds	Animals	Animalia	Virginia
Aegolius acadicus	Aegolius acadicus	Northern saw-whet owl	Birds	Animals	Animalia	Virginia
Falco peregrinus	Falco peregrinus	Peregrine falcon	Birds	Animals	Animalia	Virginia
Charadrius melodus	Charadrius melodus	Piping plover	Birds	Animals	Animalia	Virginia
Calidris maritima	Calidris maritima	Purple sandpiper	Birds	Animals	Animalia	Virginia
Loxia curvirostra	Loxia curvirostra	Red crossbill (Type I)	Birds	Animals	Animalia	Virginia
Calidris canutus rufus	Calidris canutus rufus	Red knot	Birds	Animals	Animalia	Virginia
Picoides borealis	Picoides borealis	Red-cockaded woodpecker	Birds	Animals	Animalia	Virginia
Gavia stellata	Gavia stellata	Red-throated loon	Birds	Animals	Animalia	Virginia
Thalasseus maxima	Thalasseus maxima	Royal tern	Birds	Animals	Animalia	Virginia
Bonasa umbellus	Bonasa umbellus	Ruffed Grouse	Birds	Animals	Animalia	Virginia
Euphagus carolinus	Euphagus carolinus	Rusty blackbird	Birds	Animals	Animalia	Virginia
Ammodramus caudacutus	Ammodramus caudacutus	Saltmarsh sparrow	Birds	Animals	Animalia	Virginia
Calidris alba	Calidris alba	Sanderling	Birds	Animals	Animalia	Virginia
Ammodramus maritimus	Ammodramus maritimus	Seaside sparrow	Birds	Animals	Animalia	Virginia
Limnodromus griseus	Limnodromus griseus	Short-billed dowitcher	Birds	Animals	Animalia	Virginia
Egretta thula	Egretta thula	Snowy Egret	Birds	Animals	Animalia	Virginia
Limnothlypis swainsonii	Limnothlypis swainsonii	Swainson's warbler	Birds	Animals	Animalia	Virginia
Rallus limicola	Rallus limicola	Virginia rail	Birds	Animals	Animalia	Virginia
Setophaga virens waynei	Setophaga virens waynei	Wayne's black-throated green warbler	Birds	Animals	Animalia	Virginia
Numenius phaeopus	Numenius phaeopus	Whimbrel	Birds	Animals	Animalia	Virginia
Tringa semipalmata	Tringa semipalmata	Willet	Birds	Animals	Animalia	Virginia
Charadrius wilsonia	Charadrius wilsonia	Wilson's plover	Birds	Animals	Animalia	Virginia
Hylocichla mustelina	Hylocichla mustelina	Wood thrush	Birds	Animals	Animalia	Virginia
Coccyzus americanus	Coccyzus americanus	Yellow-billed cuckoo	Birds	Animals	Animalia	Virginia
Icteria virens	Icteria virens	Yellow-breasted chat	Birds	Animals	Animalia	Virginia
Nyctanassa violacea	Nyctanassa violacea	Yellow-crowned night-heron	Birds	Animals	Animalia	Virginia
Hyla gratiosa	Hyla gratiosa	Barking treefrog	Amphibians	Animals	Animalia	Virginia
Desmognathus orestes	Desmognathus orestes	Blue Ridge dusky salamander	Amphibians	Animals	Animalia	Virginia
Eurycea wilderae	Eurycea wilderae	Blue Ridge two-lined salamander	Amphibians	Animals	Animalia	Virginia
Lithobates virgatipes	Lithobates virgatipes	Carpenter frog	Amphibians	Animals	Animalia	Virginia
Necturus maculosus maculosus	Necturus maculosus maculosus	Common mudpuppy	Amphibians	Animals	Animalia	Virginia
Plethodon punctatus	Plethodon punctatus	Cow Knob salamander	Amphibians	Animals	Animalia	Virginia
Plethodon kentucki	Plethodon kentucki	Cumberland Plateau salamander	Amphibians	Animals	Animalia	Virginia
Necturus punctatus	Necturus punctatus	Dwarf waterdog	Amphibians	Animals	Animalia	Virginia
Cryptobranchus alleganiensis alleganiensis	Cryptobranchus alleganiensis alleganiensis	Eastern hellbender	Amphibians	Animals	Animalia	Virginia
Pseudotriton montanus montanus	Pseudotriton montanus montanus	Eastern mud salamander	Amphibians	Animals	Animalia	Virginia
Scaphiopus holbrookii	Scaphiopus holbrookii	Eastern spadefoot	Amphibians	Animals	Animalia	Virginia
Ambystoma tigrinum	Ambystoma tigrinum	Eastern tiger salamander	Amphibians	Animals	Animalia	Virginia
Siren lacertina	Siren lacertina	Greater siren	Amphibians	Animals	Animalia	Virginia
Aneides aeneus	Aneides aeneus	Green salamander	Amphibians	Animals	Animalia	Virginia
Ambystoma jeffersonianum	Ambystoma jeffersonianum	Jefferson salamander	Amphibians	Animals	Animalia	Virginia
Siren intermedia intermedia	Siren intermedia intermedia	Lesser siren	Amphibians	Animals	Animalia	Virginia
Pseudacris ocularis	Pseudacris ocularis	Little grass frog	Amphibians	Animals	Animalia	Virginia
Ambystoma mabeei	Ambystoma mabeei	Mabee's salamander	Amphibians	Animals	Animalia	Virginia
Stereochilus marginatus	Stereochilus marginatus	Many-lined salamander	Amphibians	Animals	Animalia	Virginia
Ambystoma talpoideum	Ambystoma talpoideum	Mole salamander	Amphibians	Animals	Animalia	Virginia
Pseudacris brachyphona	Pseudacris brachyphona	Mountain chorus frog	Amphibians	Animals	Animalia	Virginia
Pseudacris kalmi	Pseudacris kalmi	New Jersey chorus frog	Amphibians	Animals	Animalia	Virginia
Desmognathus organi	Desmognathus organi	Northern Pygmy salamander	Amphibians	Animals	Animalia	Virginia
Anaxyrus quercicus	Anaxyrus quercicus	Oak toad	Amphibians	Animals	Animalia	Virginia
Plethodon hubrichti	Plethodon hubrichti	Peaks of Otter salamander	Amphibians	Animals	Animalia	Virginia
Plethodon virginia	Plethodon virginia	Shenandoah Mountain salamander	Amphibians	Animals	Animalia	Virginia
Plethodon shenandoah	Plethodon shenandoah	Shenandoah salamander	Amphibians	Animals	Animalia	Virginia
Desmognathus marmoratus	Desmognathus marmoratus	Shovel-nosed salamander	Amphibians	Animals	Animalia	Virginia
Pseudacris nigrita	Pseudacris nigrita	Southern chorus frog	Amphibians	Animals	Animalia	Virginia
Plethodon ventralis	Plethodon ventralis	Southern zigzag salamander	Amphibians	Animals	Animalia	Virginia
Plethodon welleri	Plethodon welleri	Weller's salamander	Amphibians	Animals	Animalia	Virginia
Plethodon yonahlossee	Plethodon yonahlossee	Yonahlossee salamander	Amphibians	Animals	Animalia	Virginia
Clemmys muhlenbergii	Clemmys muhlenbergii	Bog turtle	Reptiles	Animals	Animalia	Virginia
Crotalus horridus (canebrake)	Crotalus horridus (canebrake)	Canebrake rattlesnake	Reptiles	Animals	Animalia	Virginia
Thamnophis sauritus sauritus	Thamnophis sauritus sauritus	Common ribbonsnake	Reptiles	Animals	Animalia	Virginia
Chelydra serpentina	Chelydra serpentina	Common Snapping Turtle	Reptiles	Animals	Animalia	Virginia
Trachemys scripta troostii	Trachemys scripta troostii	Cumberland slider	Reptiles	Animals	Animalia	Virginia
Lampropeltis nigra	Lampropeltis nigra	Eastern black kingsnake	Reptiles	Animals	Animalia	Virginia
Terrapene carolina carolina	Terrapene carolina carolina	Eastern box turtle	Reptiles	Animals	Animalia	Virginia
Deirochelys reticularia reticularia	Deirochelys reticularia reticularia	Eastern chicken turtle	Reptiles	Animals	Animalia	Virginia
Ophisaurus ventralis	Ophisaurus ventralis	Eastern glass lizard	Reptiles	Animals	Animalia	Virginia
Heterodon platirhinos	Heterodon platirhinos	Eastern hog-nosed snake	Reptiles	Animals	Animalia	Virginia
Ophisaurus attenuatus longicaudus	Ophisaurus attenuatus longicaudus	Eastern slender glass lizard	Reptiles	Animals	Animalia	Virginia
Regina rigida rigida	Regina rigida rigida	Glossy crayfish snake	Reptiles	Animals	Animalia	Virginia
Chelonia mydas	Chelonia mydas	Green Sea Turtle	Reptiles	Animals	Animalia	Virginia
Lepidochelys kempii	Lepidochelys kempii	Kemp's ridley sea turtle	Reptiles	Animals	Animalia	Virginia
Dermochelys coriacea	Dermochelys coriacea	Leatherback Sea Turtle	Reptiles	Animals	Animalia	Virginia
Caretta caretta	Caretta caretta	Loggerhead sea turtle	Reptiles	Animals	Animalia	Virginia
Virginia valeriae pulchra	Virginia valeriae pulchra	Mountain earthsnake	Reptiles	Animals	Animalia	Virginia
Farancia abacura abacura	Farancia abacura abacura	Mudsnake	Reptiles	Animals	Animalia	Virginia
Malaclemys terrapin terrapin	Malaclemys terrapin terrapin	Northern diamondback terrapin	Reptiles	Animals	Animalia	Virginia
Graptemys geographica	Graptemys geographica	Northern map turtle	Reptiles	Animals	Animalia	Virginia
Pituophis melanoleucus melanoleucus	Pituophis melanoleucus melanoleucus	Northern pinesnake	Reptiles	Animals	Animalia	Virginia
Regina septemvittata	Regina septemvittata	Queen snake	Reptiles	Animals	Animalia	Virginia
Farancia erytrogramma erytrogramma	Farancia erytrogramma erytrogramma	Rainbow snake	Reptiles	Animals	Animalia	Virginia
Lampropeltis elapsoides	Lampropeltis elapsoides	Scarlet kingsnake	Reptiles	Animals	Animalia	Virginia
Cemophora coccinea copei	Cemophora coccinea copei	Scarletsnake	Reptiles	Animals	Animalia	Virginia
Opheodrys vernalis	Opheodrys vernalis	Smooth greensnake	Reptiles	Animals	Animalia	Virginia
Tantilla coronata	Tantilla coronata	Southeastern crowned snake	Reptiles	Animals	Animalia	Virginia
Apalone spinifera spinifera	Apalone spinifera spinifera	Spiny softshell	Reptiles	Animals	Animalia	Virginia
Clemmys guttata	Clemmys guttata	Spotted turtle	Reptiles	Animals	Animalia	Virginia
Sternotherus minor peltifer	Sternotherus minor peltifer	Stripe-necked musk turtle	Reptiles	Animals	Animalia	Virginia
Crotalus horridus (timber)	Crotalus horridus (timber)	Timber rattlesnake	Reptiles	Animals	Animalia	Virginia
Glyptemys insculpta	Glyptemys insculpta	Wood turtle	Reptiles	Animals	Animalia	Virginia
Trachemys scripta scripta	Trachemys scripta scripta	Yellow-bellied slider	Reptiles	Animals	Animalia	Virginia
Etheostoma cinereum	Etheostoma cinereum	Ashy darter	Fish	Animals	Animalia	Virginia
Acipenser oxyrinchus	Acipenser oxyrinchus	Atlantic sturgeon	Fish	Animals	Animalia	Virginia
Enneacanthus chaetodon	Enneacanthus chaetodon	Blackbanded sunfish	Fish	Animals	Animalia	Virginia
Notropis bifrenatus	Notropis bifrenatus	Bridle shiner	Fish	Animals	Animalia	Virginia
Etheostoma osburni	Etheostoma osburni	Candy darter	Fish	Animals	Animalia	Virginia
Chrosomus sp. cf. saylori	Chrosomus sp. cf. saylori	Clinch dace	Fish	Animals	Animalia	Virginia
Etheostoma percnurum	Etheostoma percnurum	Duskytail darter	Fish	Animals	Animalia	Virginia
Etheostoma chlorobranchium	Etheostoma chlorobranchium	Greenfin darter	Fish	Animals	Animalia	Virginia
Ambloplites cavifrons	Ambloplites cavifrons	Roanoke bass	Fish	Animals	Animalia	Virginia
Notropis semperasper	Notropis semperasper	Roughhead shiner	Fish	Animals	Animalia	Virginia
Etheostoma acuticeps	Etheostoma acuticeps	Sharphead darter	Fish	Animals	Animalia	Virginia
Acipenser brevirostrum	Acipenser brevirostrum	Shortnose sturgeon	Fish	Animals	Animalia	Virginia
Percina williamsi	Percina williamsi	Sickle Darter	Fish	Animals	Animalia	Virginia
Erimystax cahni	Erimystax cahni	Slender chub	Fish	Animals	Animalia	Virginia
Erimonax monachus	Erimonax monachus	Spotfin chub	Fish	Animals	Animalia	Virginia
Chrosomus tennesseensis	Chrosomus tennesseensis	Tennessee dace	Fish	Animals	Animalia	Virginia
Etheostoma variatum	Etheostoma variatum	Variegate darter	Fish	Animals	Animalia	Virginia
Noturus flavipinnis	Noturus flavipinnis	Yellowfin madtom	Fish	Animals	Animalia	Virginia
Percina burtoni	Percina burtoni	Blotchside logperch	Fish	Animals	Animalia	Virginia
Etheostoma collis	Etheostoma collis	Carolina darter	Fish	Animals	Animalia	Virginia
Phenacobius crassilabrum	Phenacobius crassilabrum	Fatlips minnow	Fish	Animals	Animalia	Virginia
Etheostoma denoncourti	Etheostoma denoncourti	Golden Darter	Fish	Animals	Animalia	Virginia
Noturus gilberti	Noturus gilberti	Orangefin madtom	Fish	Animals	Animalia	Virginia
Notropis ariommus	Notropis ariommus	Popeye shiner	Fish	Animals	Animalia	Virginia
Percina rex	Percina rex	Roanoke logperch	Fish	Animals	Animalia	Virginia
Notropis alborus	Notropis alborus	Whitemouth shiner	Fish	Animals	Animalia	Virginia
Anguilla rostrata	Anguilla rostrata	American eel	Fish	Animals	Animalia	Virginia
Moxostoma ariommum	Moxostoma ariommum	Bigeye jumprock	Fish	Animals	Animalia	Virginia
Cottus sp. 1	Cottus sp. 1	Bluestone sculpin	Fish	Animals	Animalia	Virginia
Percina copelandi	Percina copelandi	Channel darter	Fish	Animals	Animalia	Virginia
Cottus sp. 4	Cottus sp. 4	Clinch sculpin	Fish	Animals	Animalia	Virginia
Aplodinotus grunniens	Aplodinotus grunniens	Freshwater drum	Fish	Animals	Animalia	Virginia
Cottus sp. 5	Cottus sp. 5	Holston sculpin	Fish	Animals	Animalia	Virginia
Notropis chalybaeus	Notropis chalybaeus	Ironcolor shiner	Fish	Animals	Animalia	Virginia
Etheostoma kanawhae	Etheostoma kanawhae	Kanawha darter	Fish	Animals	Animalia	Virginia
Phenacobius teretulus	Phenacobius teretulus	Kanawha minnow	Fish	Animals	Animalia	Virginia
Notropis spectrunculus	Notropis spectrunculus	Mirror shiner	Fish	Animals	Animalia	Virginia
Ichthyomyzon greeleyi	Ichthyomyzon greeleyi	Mountain brook lamprey	Fish	Animals	Animalia	Virginia
Moxostoma carinatum	Moxostoma carinatum	River redhorse	Fish	Animals	Animalia	Virginia
Thoburnia hamiltoni	Thoburnia hamiltoni	Rustyside sucker	Fish	Animals	Animalia	Virginia
Sander canadensis	Sander canadensis	Sauger	Fish	Animals	Animalia	Virginia
Moxostoma anisurum	Moxostoma anisurum	Silver redhorse	Fish	Animals	Animalia	Virginia
Ameiurus brunneus	Ameiurus brunneus	Snail bullhead	Fish	Animals	Animalia	Virginia
Cyprinella whipplei	Cyprinella whipplei	Steelcolor shiner	Fish	Animals	Animalia	Virginia
Etheostoma vulneratum	Etheostoma vulneratum	Wounded darter	Fish	Animals	Animalia	Virginia
Alosa pseudoharengus	Alosa pseudoharengus	Alewife	Fish	Animals	Animalia	Virginia
Margariscus margarita	Margariscus margarita	Allegheny pearl dace	Fish	Animals	Animalia	Virginia
Lampetra appendix	Lampetra appendix	American brook lamprey	Fish	Animals	Animalia	Virginia
Alosa sapidissima	Alosa sapidissima	American shad	Fish	Animals	Animalia	Virginia
Percina gymnocephala	Percina gymnocephala	Appalachia darter	Fish	Animals	Animalia	Virginia
Enneacanthus obesus	Enneacanthus obesus	Banded sunfish	Fish	Animals	Animalia	Virginia
Cottus baileyi	Cottus baileyi	Black sculpin	Fish	Animals	Animalia	Virginia
Percina maculata	Percina maculata	Blackside darter	Fish	Animals	Animalia	Virginia
Erimystax insignis	Erimystax insignis	Blotched chub	Fish	Animals	Animalia	Virginia
Alosa aestivalis	Alosa aestivalis	Blueback Herring	Fish	Animals	Animalia	Virginia
Etheostoma camurum	Etheostoma camurum	Bluebreast darter	Fish	Animals	Animalia	Virginia
Etheostoma jessiae	Etheostoma jessiae	Blueside darter	Fish	Animals	Animalia	Virginia
Moxostoma sp.	Moxostoma sp.	Brassy Jumprock	Fish	Animals	Animalia	Virginia
Labidesthes sicculus	Labidesthes sicculus	Brook silverside	Fish	Animals	Animalia	Virginia
Salvelinus fontinalis	Salvelinus fontinalis	Brook Trout	Fish	Animals	Animalia	Virginia
Pimephales vigilax	Pimephales vigilax	Bullhead minnow	Fish	Animals	Animalia	Virginia
Etheostoma brevispinum	Etheostoma brevispinum	Carolina fantail darter	Fish	Animals	Animalia	Virginia
Percina sciera	Percina sciera	Dusky darter	Fish	Animals	Animalia	Virginia
Notropis atherinoides	Notropis atherinoides	Emerald shiner	Fish	Animals	Animalia	Virginia
Hybopsis hypsinotus	Hybopsis hypsinotus	Highback chub	Fish	Animals	Animalia	Virginia
Notropis altipinnis	Notropis altipinnis	Highfin Shiner	Fish	Animals	Animalia	Virginia
Erimyzon sucetta	Erimyzon sucetta	Lake chubsucker	Fish	Animals	Animalia	Virginia
Lampetra aepyptera	Lampetra aepyptera	Least brook lamprey	Fish	Animals	Animalia	Virginia
Fundulus lineolatus	Fundulus lineolatus	Lined topminnow	Fish	Animals	Animalia	Virginia
Percina caprodes	Percina caprodes	Logperch	Fish	Animals	Animalia	Virginia
Lepomis megalotis	Lepomis megalotis	Longear Sunfish	Fish	Animals	Animalia	Virginia
Noturus eleutherus	Noturus eleutherus	Mountain madtom	Fish	Animals	Animalia	Virginia
Lythroughrus lirus	Lythroughrus lirus	Mountain shiner	Fish	Animals	Animalia	Virginia
Acantharchus pomotis	Acantharchus pomotis	Mud sunfish	Fish	Animals	Animalia	Virginia
Notropis scabriceps	Notropis scabriceps	New River shiner	Fish	Animals	Animalia	Virginia
Fundulus catenatus	Fundulus catenatus	Northern studfish	Fish	Animals	Animalia	Virginia
Moxostoma collapsum	Moxostoma collapsum	Notchlip redhorse	Fish	Animals	Animalia	Virginia
Ichthyomyzon bdellium	Ichthyomyzon bdellium	Ohio lamprey	Fish	Animals	Animalia	Virginia
Polyodon spathula	Polyodon spathula	Paddlefish	Fish	Animals	Animalia	Virginia
Percina crassa	Percina crassa	Piedmont darter	Fish	Animals	Animalia	Virginia
Notropis chiliticus	Notropis chiliticus	Redlip shiner	Fish	Animals	Animalia	Virginia
Hypentelium roanokense	Hypentelium roanokense	Roanoke hog sucker	Fish	Animals	Animalia	Virginia
Notropis stramineus	Notropis stramineus	Sand shiner	Fish	Animals	Animalia	Virginia
Percina oxyrhynchus	Percina oxyrhynchus	Sharpnose darter	Fish	Animals	Animalia	Virginia
Cottus cognatus	Cottus cognatus	Slimy sculpin	Fish	Animals	Animalia	Virginia
Moxostoma breviceps	Moxostoma breviceps	Smallmouth redhorse	Fish	Animals	Animalia	Virginia
Etheostoma stigmaeum	Etheostoma stigmaeum	Speckled darter	Fish	Animals	Animalia	Virginia
Fundulus rathbuni	Fundulus rathbuni	Speckled killifish	Fish	Animals	Animalia	Virginia
Noturus flavus	Noturus flavus	Stonecat	Fish	Animals	Animalia	Virginia
Phenacobius mirabilis	Phenacobius mirabilis	Suckermouth minnow	Fish	Animals	Animalia	Virginia
Etheostoma swannanoa	Etheostoma swannanoa	Swannanoa darter	Fish	Animals	Animalia	Virginia
Noturus gyrinus	Noturus gyrinus	Tadpole Madtom	Fish	Animals	Animalia	Virginia
Percina aurantiaca	Percina aurantiaca	Tangerine darter	Fish	Animals	Animalia	Virginia
Exoglossum laurae	Exoglossum laurae	Tonguetied Minnow	Fish	Animals	Animalia	Virginia
Ammocrypta clara	Ammocrypta clara	Western sand darter	Fish	Animals	Animalia	Virginia
Glaucomys sabrinus coloratus	Glaucomys sabrinus coloratus	Carolina northern flying squirrel	Mammals	Animals	Animalia	Virginia
Myotis leibii	Myotis leibii	Eastern small-footed myotis	Mammals	Animals	Animalia	Virginia
Megaptera novaengliane	Megaptera novaengliane	Humpback whale	Mammals	Animals	Animalia	Virginia
Myotis sodalis	Myotis sodalis	Indiana myotis	Mammals	Animals	Animalia	Virginia
Myotis lucifugus	Myotis lucifugus	Little Brown Bat	Mammals	Animals	Animalia	Virginia
Myotis septentrionalis	Myotis septentrionalis	Northern Long-Eared bat	Mammals	Animals	Animalia	Virginia
Eubalaena glacialis	Eubalaena glacialis	Northern right whale	Mammals	Animals	Animalia	Virginia
Corynorhinus rafinesquii macrotis	Corynorhinus rafinesquii macrotis	Rafinesque's eastern big-eared bat	Mammals	Animals	Animalia	Virginia
Lepus americanus virginianus	Lepus americanus virginianus	Snowshoe hare	Mammals	Animals	Animalia	Virginia
Perimyotis subflavus	Perimyotis subflavus	Tri-colored Bat	Mammals	Animals	Animalia	Virginia
Glaucomys sabrinus fuscus	Glaucomys sabrinus fuscus	Virginia northern flying squirrel	Mammals	Animals	Animalia	Virginia
Sciurus niger cinereus	Sciurus niger cinereus	Delmarva fox squirrel	Mammals	Animals	Animalia	Virginia
Martes pennanti pennanti	Martes pennanti pennanti	Fisher	Mammals	Animals	Animalia	Virginia
Myotis grisescens	Myotis grisescens	Gray bat	Mammals	Animals	Animalia	Virginia
Microtus chrotorrhinus	Microtus chrotorrhinus	Southern rock vole	Mammals	Animals	Animalia	Virginia
Sorex palustris	Sorex palustris	Southern water shrew	Mammals	Animals	Animalia	Virginia
Corynorhinus townsendii virginianus	Corynorhinus townsendii virginianus	Virginia big-eared bat	Mammals	Animals	Animalia	Virginia
Tursiops truncatus	Tursiops truncatus	Atlantic bottlenose dolphin	Mammals	Animals	Animalia	Virginia
Peromyscus leucopus easti	Peromyscus leucopus easti	Pungo white-footed mouse	Mammals	Animals	Animalia	Virginia
Sciurus niger niger	Sciurus niger niger	Southeastern fox squirrel	Mammals	Animals	Animalia	Virginia
Neotoma magister	Neotoma magister	Allegheny woodrat	Mammals	Animals	Animalia	Virginia
Sylvilagus obscurus	Sylvilagus obscurus	Appalachian cottontail	Mammals	Animals	Animalia	Virginia
Peromyscus gossypinus gossypinus	Peromyscus gossypinus gossypinus	Cotton mouse	Mammals	Animals	Animalia	Virginia
Spilogale putorius putorius	Spilogale putorius putorius	Eastern spotted skunk	Mammals	Animals	Animalia	Virginia
Balaenoptera physalus	Balaenoptera physalus	Fin whale	Mammals	Animals	Animalia	Virginia
Phocoena phocoena	Phocoena phocoena	Harbor porpoise	Mammals	Animals	Animalia	Virginia
Lasiurus cinereus	Lasiurus cinereus	Hoary Bat	Mammals	Animals	Animalia	Virginia
Sorex dispar dispar	Sorex dispar dispar	Long-tailed shrew	Mammals	Animals	Animalia	Virginia
Sylvilagus palustris palustris	Sylvilagus palustris palustris	Marsh rabbit	Mammals	Animals	Animalia	Virginia
Lasiurus borealis	Lasiurus borealis	Red Bat	Mammals	Animals	Animalia	Virginia
Lasionycteris noctivagans	Lasionycteris noctivagans	Silver-haired Bat	Mammals	Animals	Animalia	Virginia
Myotis austroriparius	Myotis austroriparius	Southeastern myotis	Mammals	Animals	Animalia	Virginia
Trichechus manatus latirostris	Trichechus manatus latirostris	West Indian manatee	Mammals	Animals	Animalia	Virginia
Anodonta implicata	Anodonta implicata	Alewife floater	Mollusks	Animals	Animalia	Virginia
Quadrula sparsa	Quadrula sparsa	Appalachian monkeyface	Mollusks	Animals	Animalia	Virginia
Fontigens bottimeri	Fontigens bottimeri	Appalachian springsnail	Mollusks	Animals	Animalia	Virginia
Fusconaia masoni	Fusconaia masoni	Atlantic pigtoe	Mollusks	Animals	Animalia	Virginia
Elliptio producta	Elliptio producta	Atlantic spike	Mollusks	Animals	Animalia	Virginia
Lemiox rimosus	Lemiox rimosus	Birdwing pearlymussel	Mollusks	Animals	Animalia	Virginia
Ligumia recta	Ligumia recta	Black sandshell	Mollusks	Animals	Animalia	Virginia
Fontigens orolibas	Fontigens orolibas	Blue Ridge springsnail	Mollusks	Animals	Animalia	Virginia
Pleurocera gradata	Pleurocera gradata	Bottle hornsnail	Mollusks	Animals	Animalia	Virginia
Alasmidonta varicosa	Alasmidonta varicosa	Brook floater	Mollusks	Animals	Animalia	Virginia
Pomatiopsis cincinnatiensis	Pomatiopsis cincinnatiensis	Brown walker	Mollusks	Animals	Animalia	Virginia
Elliptio angustata	Elliptio angustata	Carolina lance mussel	Mollusks	Animals	Animalia	Virginia
Elliptio congaraea	Elliptio congaraea	Carolina slabshell mussel	Mollusks	Animals	Animalia	Virginia
Oxyloma subeffusum	Oxyloma subeffusum	Chesapeake ambersnail	Mollusks	Animals	Animalia	Virginia
Elimia aterina	Elimia aterina	Coal elimia	Mollusks	Animals	Animalia	Virginia
Hemistena lata	Hemistena lata	Cracking pearlymussel	Mollusks	Animals	Animalia	Virginia
Strophitus undulatus	Strophitus undulatus	Creeper	Mollusks	Animals	Animalia	Virginia
Ventridens decussatus	Ventridens decussatus	Crossed dome	Mollusks	Animals	Animalia	Virginia
Villosa trabalis	Villosa trabalis	Cumberland bean	Mollusks	Animals	Animalia	Virginia
Medionidus conradicus	Medionidus conradicus	Cumberland moccasinshell	Mollusks	Animals	Animalia	Virginia
Quadrula intermedia	Quadrula intermedia	Cumberland monkeyface	Mollusks	Animals	Animalia	Virginia
Epioblasma brevidens	Epioblasma brevidens	Cumberlandian combshell	Mollusks	Animals	Animalia	Virginia
Truncilla truncata	Truncilla truncata	Deertoe	Mollusks	Animals	Animalia	Virginia
Dromus dromas	Dromus dromas	Dromedary pearlymussel	Mollusks	Animals	Animalia	Virginia
Fossaria dalli	Fossaria dalli	Dusky Fossaria	Mollusks	Animals	Animalia	Virginia
Alasmidonta heterodon	Alasmidonta heterodon	Dwarf wedgemussel	Mollusks	Animals	Animalia	Virginia
Lampsilis radiata	Lampsilis radiata	Eastern lampmussel	Mollusks	Animals	Animalia	Virginia
Ligumia nasuta	Ligumia nasuta	Eastern pondmussel	Mollusks	Animals	Animalia	Virginia
Elliptio crassidens	Elliptio crassidens	Elephant ear	Mollusks	Animals	Animalia	Virginia
Alasmidonta marginata	Alasmidonta marginata	Elktoe	Mollusks	Animals	Animalia	Virginia
Cyprogenia stegaria	Cyprogenia stegaria	Fanshell	Mollusks	Animals	Animalia	Virginia
Fusconaia cuneolus	Fusconaia cuneolus	Fine-rayed pigtoe	Mollusks	Animals	Animalia	Virginia
Uniomerus caroliniana	Uniomerus caroliniana	Florida pondhorn	Mollusks	Animals	Animalia	Virginia
Ptychobranchus subtentum	Ptychobranchus subtentum	Fluted kidneyshell	Mollusks	Animals	Animalia	Virginia
Leptodea fragilis	Leptodea fragilis	Fragile papershell	Mollusks	Animals	Animalia	Virginia
Fumonelix christyi	Fumonelix christyi	Glossy covert	Mollusks	Animals	Animalia	Virginia
Epioblasma florentina aureola	Epioblasma florentina aureola	Golden riffleshell	Mollusks	Animals	Animalia	Virginia
Elimia catenaria	Elimia catenaria	Gravel elimia	Mollusks	Animals	Animalia	Virginia
Lasmigona subviridis	Lasmigona subviridis	Green Floater	Mollusks	Animals	Animalia	Virginia
Pleurobema collina	Pleurobema collina	James spinymussel	Mollusks	Animals	Animalia	Virginia
Pegias fabula	Pegias fabula	Little-winged pearlymussel	Mollusks	Animals	Animalia	Virginia
Fusconaia subrotunda	Fusconaia subrotunda	Longsolid	Mollusks	Animals	Animalia	Virginia
Villosa vanuxemensis vanuxemensis	Villosa vanuxemensis vanuxemensis	Mountain creekshell mussel	Mollusks	Animals	Animalia	Virginia
Elliptio fisheriana	Elliptio fisheriana	Northern lance mussel	Mollusks	Animals	Animalia	Virginia
Villosa constricta	Villosa constricta	Notched rainbow	Mollusks	Animals	Animalia	Virginia
Ferrissia parallelus	Ferrissia parallelus	Oblong ancylid	Mollusks	Animals	Animalia	Virginia
Pleurobema cordatum	Pleurobema cordatum	Ohio pigtoe	Mollusks	Animals	Animalia	Virginia
Epioblasma capsaeformis	Epioblasma capsaeformis	Oyster mussel	Mollusks	Animals	Animalia	Virginia
Somatogyrus virginicus	Somatogyrus virginicus	Panhandle pebblesnail	Mollusks	Animals	Animalia	Virginia
Paravitrea calcicola	Paravitrea calcicola	Pearl supercoil	Mollusks	Animals	Animalia	Virginia
Stagnicola neopalustris	Stagnicola neopalustris	Piedmont pondsnail	Mollusks	Animals	Animalia	Virginia
Quadrula pustulosa pustulosa	Quadrula pustulosa pustulosa	Pimple back	Mollusks	Animals	Animalia	Virginia
Potamilus alatus	Potamilus alatus	Pink heelsplitter	Mollusks	Animals	Animalia	Virginia
Lampsilis abrupta	Lampsilis abrupta	Pink mucket	Mollusks	Animals	Animalia	Virginia
Tritogonia verrucosa	Tritogonia verrucosa	Pistolgrip	Mollusks	Animals	Animalia	Virginia
Lampsilis ovata	Lampsilis ovata	Pocketbook mussel	Mollusks	Animals	Animalia	Virginia
Villosa perpurpurea	Villosa perpurpurea	Purple bean	Mollusks	Animals	Animalia	Virginia
Toxolasma lividus	Toxolasma lividus	Purple liliput	Mollusks	Animals	Animalia	Virginia
Stenotrema pilula	Stenotrema pilula	Pygmy slitmouth	Mollusks	Animals	Animalia	Virginia
Pleurobema rubrum	Pleurobema rubrum	Pyramid pigtoe	Mollusks	Animals	Animalia	Virginia
Villosa fabalis	Villosa fabalis	Rayed bean	Mollusks	Animals	Animalia	Virginia
Lioplax subcarinata	Lioplax subcarinata	Ridged lioplax	Mollusks	Animals	Animalia	Virginia
Elliptio roanokensis	Elliptio roanokensis	Roanoke slabshell	Mollusks	Animals	Animalia	Virginia
Pleurobema plenum	Pleurobema plenum	Rough pigtoe	Mollusks	Animals	Animalia	Virginia
Quadrula cylindrica strigillata	Quadrula cylindrica strigillata	Rough rabbitsfoot	Mollusks	Animals	Animalia	Virginia
Pisidium equilaterale	Pisidium equilaterale	Round peaclam	Mollusks	Animals	Animalia	Virginia
Leptoxis dilatata	Leptoxis dilatata	Seep mudalia	Mollusks	Animals	Animalia	Virginia
Promenetus exacuous	Promenetus exacuous	Sharp sprite	Mollusks	Animals	Animalia	Virginia
Plethobasus cyphyus	Plethobasus cyphyus	Sheepnose	Mollusks	Animals	Animalia	Virginia
Fusconaia cor	Fusconaia cor	Shiny pigtoe	Mollusks	Animals	Animalia	Virginia
Lexingtonia dolabelloides	Lexingtonia dolabelloides	Slabside pearlymussel	Mollusks	Animals	Animalia	Virginia
Alasmidonta viridis	Alasmidonta viridis	Slippershell mussel	Mollusks	Animals	Animalia	Virginia
Epioblasma triquetra	Epioblasma triquetra	Snuffbox	Mollusks	Animals	Animalia	Virginia
Cumberlandia monodonta	Cumberlandia monodonta	Spectaclecase	Mollusks	Animals	Animalia	Virginia
Elimia arachnoidea	Elimia arachnoidea	Spider Elimia	Mollusks	Animals	Animalia	Virginia
Io fluvialis	Io fluvialis	Spiny riversnail	Mollusks	Animals	Animalia	Virginia
Pleurobema oviforme	Pleurobema oviforme	Tennessee clubshell	Mollusks	Animals	Animalia	Virginia
Lasmigona holstonia	Lasmigona holstonia	Tennessee heelsplitter	Mollusks	Animals	Animalia	Virginia
Fusconaia barnesiana	Fusconaia barnesiana	Tennessee pigtoe	Mollusks	Animals	Animalia	Virginia
Amblema plicata	Amblema plicata	Threeridge	Mollusks	Animals	Animalia	Virginia
Valvata tricarinata	Valvata tricarinata	Three-ridge valvata	Mollusks	Animals	Animalia	Virginia
Leptodea ochracea	Leptodea ochracea	Tidewater mucket	Mollusks	Animals	Animalia	Virginia
Alasmidonta undulata	Alasmidonta undulata	Triangle floater	Mollusks	Animals	Animalia	Virginia
Holsingeria unthanksensis	Holsingeria unthanksensis	Unthanks Cave snail	Mollusks	Animals	Animalia	Virginia
Lexingtonia subplana	Lexingtonia subplana	Virginia pigtoe	Mollusks	Animals	Animalia	Virginia
Fontigens morrisoni	Fontigens morrisoni	Virginia springsnail	Mollusks	Animals	Animalia	Virginia
Lampsilis cariosa	Lampsilis cariosa	Yellow lampmussel	Mollusks	Animals	Animalia	Virginia
Elliptio lanceolata	Elliptio lanceolata	Yellow lance	Mollusks	Animals	Animalia	Virginia
Cambarus veteranus	Cambarus veteranus	Big Sandy Crayfish (aka Guyandotte River Crayfish)	Crustaceans	Animals	Animalia	Virginia
Cambarus spp.1	Cambarus spp.1	Big Stone crayfish	Crustaceans	Animals	Animalia	Virginia
Bactrurus angulus	Bactrurus angulus	Cumberland Gap cave amphipod	Crustaceans	Animals	Animalia	Virginia
Stygobromus ephemerus	Stygobromus ephemerus	Ephemeral cave amphipod	Crustaceans	Animals	Animalia	Virginia
Crangonyx baculispina	Crangonyx baculispina	Lancaster County amphipod	Crustaceans	Animals	Animalia	Virginia
Stygobromus stegerorum	Stygobromus stegerorum	Madison Cave amphipod	Crustaceans	Animals	Animalia	Virginia
Stygobromus phreaticus	Stygobromus phreaticus	Northern Virginia well amphipod	Crustaceans	Animals	Animalia	Virginia
Caecidotea phreatica	Caecidotea phreatica	Phreatic isopod	Crustaceans	Animals	Animalia	Virginia
Lirceus culveri	Lirceus culveri	Rye Cove isopod	Crustaceans	Animals	Animalia	Virginia
Stygobromus hoffmani	Stygobromus hoffmani	Alleghany County cave amphipod	Crustaceans	Animals	Animalia	Virginia
Stygobromus mundus	Stygobromus mundus	Bath County cave amphipod	Crustaceans	Animals	Animalia	Virginia
Crangonyx fontinalis	Crangonyx fontinalis	Bland County amphipod	Crustaceans	Animals	Animalia	Virginia
Cambarus monongalensis	Cambarus monongalensis	Blue crayfish	Crustaceans	Animals	Animalia	Virginia
Stygobromus conradi	Stygobromus conradi	Burnsville Cove cave amphipod	Crustaceans	Animals	Animalia	Virginia
Cambarus theepiensis	Cambarus theepiensis	Coalfields crayfish	Crustaceans	Animals	Animalia	Virginia
Stygobromus estesi	Stygobromus estesi	Craig County cave amphipod	Crustaceans	Animals	Animalia	Virginia
Stygobromus cumberlandus	Stygobromus cumberlandus	Cumberland cave amphipod	Crustaceans	Animals	Animalia	Virginia
Caecidotea cumberlandensis	Caecidotea cumberlandensis	Cumberland Gap cave isopod	Crustaceans	Animals	Animalia	Virginia
Caecidotea attenuatus	Caecidotea attenuatus	Dismal Swamp isopod	Crustaceans	Animals	Animalia	Virginia
Stygobromus finleyi	Stygobromus finleyi	Finley's cave amphipod	Crustaceans	Animals	Animalia	Virginia
Caecidotea henroti	Caecidotea henroti	Henrot's Cave isopod	Crustaceans	Animals	Animalia	Virginia
Caecidotea incurva	Caecidotea incurva	Incurved Cave isopod	Crustaceans	Animals	Animalia	Virginia
Stygobromus leensis	Stygobromus leensis	Lee County cave amphipod	Crustaceans	Animals	Animalia	Virginia
Stygobromus pseudospinosus	Stygobromus pseudospinosus	Luray Caverns amphipod	Crustaceans	Animals	Animalia	Virginia
Antrolana lira	Antrolana lira	Madison Cave isopod	Crustaceans	Animals	Animalia	Virginia
Stygobromus fergusoni	Stygobromus fergusoni	Montgomery County cave amphipod	Crustaceans	Animals	Animalia	Virginia
Stygobromus morrisoni	Stygobromus morrisoni	Morrison's cave amphipod	Crustaceans	Animals	Animalia	Virginia
Stygobromus interitus	Stygobromus interitus	New Castle Murder Hole amphipod	Crustaceans	Animals	Animalia	Virginia
Stygobromus obrutus	Stygobromus obrutus	Pittsylvania well amphipod	Crustaceans	Animals	Animalia	Virginia
Stygobromus pizzinii	Stygobromus pizzinii	Pizzini's amphipod	Crustaceans	Animals	Animalia	Virginia
Amerigoniscus henroti	Amerigoniscus henroti	Powell Valley terrestrial isopod	Crustaceans	Animals	Animalia	Virginia
Stygobromus kenki	Stygobromus kenki	Rock Creek groundwater amphipod	Crustaceans	Animals	Animalia	Virginia
Stygobromus baroodyi	Stygobromus baroodyi	Rockbridge County cave amphipod	Crustaceans	Animals	Animalia	Virginia
Cambarus jezerinaci	Cambarus jezerinaci	Spiny scale crayfish	Crustaceans	Animals	Animalia	Virginia
Cambarus hatfieldi	Cambarus hatfieldi	Tug Valley crayfish	Crustaceans	Animals	Animalia	Virginia
Crangonyx acicularis	Crangonyx acicularis	An amphipod	Crustaceans	Animals	Animalia	Virginia
Crangonyx montanus	Crangonyx montanus	An amphipod	Crustaceans	Animals	Animalia	Virginia
Crangonyx antennatus	Crangonyx antennatus	Appalachian Valley cave amphipod	Crustaceans	Animals	Animalia	Virginia
Stygobromus spinosus	Stygobromus spinosus	Blue Ridge spring amphipod	Crustaceans	Animals	Animalia	Virginia
Orconectes virginiensis	Orconectes virginiensis	Chowanoke crayfish	Crustaceans	Animals	Animalia	Virginia
Lirceus usdagalun	Lirceus usdagalun	Lee County cave isopod	Crustaceans	Animals	Animalia	Virginia
Ligidium elrodii leensis	Ligidium elrodii leensis	Lee County terrestrial cave isopod	Crustaceans	Animals	Animalia	Virginia
Cambarus buntingi	Cambarus buntingi	Longclaw crayfish	Crustaceans	Animals	Animalia	Virginia
Caecidotea bowmani	Caecidotea bowmani	Natural Bridge cave isopod	Crustaceans	Animals	Animalia	Virginia
Miktoniscus racovitzai	Miktoniscus racovitzai	Racovitza's terrestrial cave isopod	Crustaceans	Animals	Animalia	Virginia
Orconectes erichsonianus	Orconectes erichsonianus	Reticulate crayfish	Crustaceans	Animals	Animalia	Virginia
Ligidium elrodii scottensis	Ligidium elrodii scottensis	Scott County terrestrial cave isopod	Crustaceans	Animals	Animalia	Virginia
Stygobromus indentatus	Stygobromus indentatus	Tidewater amphipod	Crustaceans	Animals	Animalia	Virginia
Stygobromus araeus	Stygobromus araeus	Tidewater interstitial amphipod	Crustaceans	Animals	Animalia	Virginia
Orconectes obscurus	Orconectes obscurus	Allegheny crayfish	Crustaceans	Animals	Animalia	Virginia
Gammarus pseudolimnaeus	Gammarus pseudolimnaeus	Northern spring amphipod	Crustaceans	Animals	Animalia	Virginia
Macrobrachium ohione	Macrobrachium ohione	Ohio River shrimp	Crustaceans	Animals	Animalia	Virginia
Orconectes forceps	Orconectes forceps	Surgeon crayfish	Crustaceans	Animals	Animalia	Virginia
Isoperla major	Isoperla major	Big stripetail stonefly	Insects	Animals	Animalia	Virginia
Taeniopteryx nelsoni	Taeniopteryx nelsoni	Cryptic willowfly	Insects	Animals	Animalia	Virginia
Acroneuria kosztarabi	Acroneuria kosztarabi	Kosztarab's common stonefly	Insects	Animals	Animalia	Virginia
Acroneuria flinti	Acroneuria flinti	Manassas stonefly	Insects	Animals	Animalia	Virginia
Sigara depressa	Sigara depressa	Virginia Piedmont water boatman	Insects	Animals	Animalia	Virginia
Anabolia apora	Anabolia apora	A limnephilid caddisfly	Insects	Animals	Animalia	Virginia
Isonychia tusculanensis	Isonychia tusculanensis	A mayfly	Insects	Animals	Animalia	Virginia
Rhyacophila tricornuta	Rhyacophila tricornuta	A rhyacophilid caddisfly	Insects	Animals	Animalia	Virginia
Ophiogomphus incurvatus alleghaniensis	Ophiogomphus incurvatus alleghaniensis	Appalachian snaketail	Insects	Animals	Animalia	Virginia
Hansonoperla appalachia	Hansonoperla appalachia	Appalachian stonefly	Insects	Animals	Animalia	Virginia
Barbaetis benfieldi	Barbaetis benfieldi	Benfield's bearded small minnow mayfly	Insects	Animals	Animalia	Virginia
Gomphus consanguis	Gomphus consanguis	Cherokee clubtail	Insects	Animals	Animalia	Virginia
Stylurus notatus	Stylurus notatus	Elusive clubtail	Insects	Animals	Animalia	Virginia
Stenelmis gammoni	Stenelmis gammoni	Gammon's riffle beetle	Insects	Animals	Animalia	Virginia
Gomphus viridifrons	Gomphus viridifrons	Green-faced clubtail	Insects	Animals	Animalia	Virginia
Isonychia hoffmani	Isonychia hoffmani	Hoffman's Isonychia mayfly	Insects	Animals	Animalia	Virginia
Sweltsa holstonensis	Sweltsa holstonensis	Holston sallfly	Insects	Animals	Animalia	Virginia
Diploperla kanawholensis	Diploperla kanawholensis	Kanawhole springfly	Insects	Animals	Animalia	Virginia
Tallaperla lobata	Tallaperla lobata	Lobed roachfly	Insects	Animals	Animalia	Virginia
Hydraena maureenae	Hydraena maureenae	Maureen's shale stream beetle	Insects	Animals	Animalia	Virginia
Leuctra monticola	Leuctra monticola	Montane needlefly	Insects	Animals	Animalia	Virginia
Macromia margarita	Macromia margarita	Mountain river cruiser	Insects	Animals	Animalia	Virginia
Ophiogomphus howei	Ophiogomphus howei	Pygmy snaketail	Insects	Animals	Animalia	Virginia
Gomphus septima	Gomphus septima	Septima's clubtail	Insects	Animals	Animalia	Virginia
Gomphus ventricosus	Gomphus ventricosus	Skillet clubtail	Insects	Animals	Animalia	Virginia
Megaleuctra williamsae	Megaleuctra williamsae	Smokies needlefly	Insects	Animals	Animalia	Virginia
Allocapnia simmonsi	Allocapnia simmonsi	Spatulate snowfly	Insects	Animals	Animalia	Virginia
Siphloplecton costalense	Siphloplecton costalense	Spieth's great speckled olive mayfly	Insects	Animals	Animalia	Virginia
Ameletus tarteri	Ameletus tarteri	Tarter's Ameletus mayfly	Insects	Animals	Animalia	Virginia
Baetisca rubescens	Baetisca rubescens	A mayfly	Insects	Animals	Animalia	Virginia
Ephemerella inconstans	Ephemerella inconstans	A mayfly	Insects	Animals	Animalia	Virginia
Habrophlebiodes celeteria	Habrophlebiodes celeteria	A mayfly	Insects	Animals	Animalia	Virginia
Paraleptophlebia assimilis	Paraleptophlebia assimilis	A mayfly	Insects	Animals	Animalia	Virginia
Paraleptophlebia jeanae	Paraleptophlebia jeanae	A mayfly	Insects	Animals	Animalia	Virginia
Rhithrogena anomala	Rhithrogena anomala	A mayfly	Insects	Animals	Animalia	Virginia
Wormaldia thyria	Wormaldia thyria	A philopotamid caddisfly	Insects	Animals	Animalia	Virginia
Ophiogomphus allegheniensis	Ophiogomphus allegheniensis	Allegheny snaketail	Insects	Animals	Animalia	Virginia
Calopteryx angustipennis	Calopteryx angustipennis	Appalachian jewelwing	Insects	Animals	Animalia	Virginia
Rhyacophila appalachia	Rhyacophila appalachia	Appalachian rhyacophilid caddisfly	Insects	Animals	Animalia	Virginia
Ostrocerca prolongata	Ostrocerca prolongata	Bent forestfly	Insects	Animals	Animalia	Virginia
Ephemerella berneri	Ephemerella berneri	Berner's Ephemerella mayfly	Insects	Animals	Animalia	Virginia
Allocapnia stannardi	Allocapnia stannardi	Blue Ridge snowfly	Insects	Animals	Animalia	Virginia
Remenus kirchneri	Remenus kirchneri	Blue Ridge springfly	Insects	Animals	Animalia	Virginia
Perlesta frisoni	Perlesta frisoni	Blue Ridge stonefly	Insects	Animals	Animalia	Virginia
Ophiogomphus aspersus	Ophiogomphus aspersus	Brook snaketail	Insects	Animals	Animalia	Virginia
Somatochlora georgiana	Somatochlora georgiana	Coppery emerald	Insects	Animals	Animalia	Virginia
Alloperla biserrata	Alloperla biserrata	Dusky sallfly	Insects	Animals	Animalia	Virginia
Isonychia georgiae	Isonychia georgiae	Georgia Isonychia mayfly	Insects	Animals	Animalia	Virginia
Yugus arinus	Yugus arinus	Highlands springfly	Insects	Animals	Animalia	Virginia
Allocapnia illinoensis	Allocapnia illinoensis	Illinois snowfly	Insects	Animals	Animalia	Virginia
Leuctra mitchellensis	Leuctra mitchellensis	Mitchell needlefly	Insects	Animals	Animalia	Virginia
Strophopteryx limata	Strophopteryx limata	Newfound willowfly	Insects	Animals	Animalia	Virginia
Gomphus quadricolor	Gomphus quadricolor	Rapids clubtail	Insects	Animals	Animalia	Virginia
Isogenoides varians	Isogenoides varians	Rock Island springfly	Insects	Animals	Animalia	Virginia
Megaleuctra flinti	Megaleuctra flinti	Shenandoah needlefly	Insects	Animals	Animalia	Virginia
Rhyacophila shenandoahensis	Rhyacophila shenandoahensis	Shenandoah rhyacophilid caddisfly	Insects	Animals	Animalia	Virginia
Allocapnia fumosa	Allocapnia fumosa	Smokies snowfly	Insects	Animals	Animalia	Virginia
Cultus decisus isolatus	Cultus decisus isolatus	Southern springfly	Insects	Animals	Animalia	Virginia
Aeshna mutata	Aeshna mutata	Spatterdock darner	Insects	Animals	Animalia	Virginia
Gomphus abbreviatus	Gomphus abbreviatus	Spine-crowned clubtail	Insects	Animals	Animalia	Virginia
Pteronarcys comstocki	Pteronarcys comstocki	Spiny salmonfly	Insects	Animals	Animalia	Virginia
Prostoia hallasi	Prostoia hallasi	Swamp forestfly	Insects	Animals	Animalia	Virginia
Perlesta teaysia	Perlesta teaysia	Teays stonefly	Insects	Animals	Animalia	Virginia
Alloperla neglecta	Alloperla neglecta	Tennessee sallfly	Insects	Animals	Animalia	Virginia
Alloperla idei	Alloperla idei	Vernal sallfly	Insects	Animals	Animalia	Virginia
Sweltsa voshelli	Sweltsa voshelli	Virginia sallfly	Insects	Animals	Animalia	Virginia
Diploperla morgani	Diploperla morgani	Virginia springfly	Insects	Animals	Animalia	Virginia
Paragnetina ichusa	Paragnetina ichusa	Widecollar stonefly	Insects	Animals	Animalia	Virginia
Nemotaulius hostilis	Nemotaulius hostilis	A limnephilid caddisfly	Insects	Animals	Animalia	Virginia
Isonychia arida	Isonychia arida	A mayfly	Insects	Animals	Animalia	Virginia
Isonychia serrata	Isonychia serrata	A mayfly	Insects	Animals	Animalia	Virginia
Nepa apiculata	Nepa apiculata	A water scorpion	Insects	Animals	Animalia	Virginia
Limnoporus dissortis	Limnoporus dissortis	A water strider	Insects	Animals	Animalia	Virginia
Ramphocorixa acuminata	Ramphocorixa acuminata	Acuminate water boatman	Insects	Animals	Animalia	Virginia
Ameletus cryptostimulus	Ameletus cryptostimulus	Allegheny mayfly	Insects	Animals	Animalia	Virginia
Macromia alleghaniensis	Macromia alleghaniensis	Allegheny river cruiser	Insects	Animals	Animalia	Virginia
Cordulia shurtleffi	Cordulia shurtleffi	American emerald	Insects	Animals	Animalia	Virginia
Gomphus apomyius	Gomphus apomyius	Banner clubtail	Insects	Animals	Animalia	Virginia
Epitheca canis	Epitheca canis	Beaverpond baskettail	Insects	Animals	Animalia	Virginia
Gomphus borealis	Gomphus borealis	Beaverpond clubtail	Insects	Animals	Animalia	Virginia
Aeshna tuberculifera	Aeshna tuberculifera	Black-tipped darner	Insects	Animals	Animalia	Virginia
Enallagma weewa	Enallagma weewa	Blackwater bluet	Insects	Animals	Animalia	Virginia
Enallagma dubium	Enallagma dubium	Burgundy bluet	Insects	Animals	Animalia	Virginia
Aeshna canadensis	Aeshna canadensis	Canada darner	Insects	Animals	Animalia	Virginia
Pteronarcys scotti	Pteronarcys scotti	Carolina salmonfly	Insects	Animals	Animalia	Virginia
Lestes vidua	Lestes vidua	Carolina spreadwing	Insects	Animals	Animalia	Virginia
Ladona julia	Ladona julia	Chalk-fronted corporal skimmer	Insects	Animals	Animalia	Virginia
Neurocordulia virginiensis	Neurocordulia virginiensis	Cinnamon shadowdragon	Insects	Animals	Animalia	Virginia
Cordulegaster diastatops	Cordulegaster diastatops	Delta-spotted spiketail	Insects	Animals	Animalia	Virginia
Leucorrhinia intacta	Leucorrhinia intacta	Dot-tailed whiteface	Insects	Animals	Animalia	Virginia
Ranatra drakei	Ranatra drakei	Drake's water scorpion	Insects	Animals	Animalia	Virginia
Nannothemis bella	Nannothemis bella	Elfin skimmer	Insects	Animals	Animalia	Virginia
Lestes dryas	Lestes dryas	Emerald spreadwing	Insects	Animals	Animalia	Virginia
Celithemis ornata	Celithemis ornata	Faded pennant	Insects	Animals	Animalia	Virginia
Somatochlora filosa	Somatochlora filosa	Fine-lined emerald	Insects	Animals	Animalia	Virginia
Leucorrhinia frigida	Leucorrhinia frigida	Frosted whiteface	Insects	Animals	Animalia	Virginia
Tachopteryx thoreyi	Tachopteryx thoreyi	Gray petaltail	Insects	Animals	Animalia	Virginia
Aeshna verticalis	Aeshna verticalis	Green-striped darner	Insects	Animals	Animalia	Virginia
Enallagma hageni	Enallagma hageni	Hagen's bluet	Insects	Animals	Animalia	Virginia
Gomphus descriptus	Gomphus descriptus	Harpoon clubtail	Insects	Animals	Animalia	Virginia
Leucorrhinia hudsonica	Leucorrhinia hudsonica	Hudsonian whiteface	Insects	Animals	Animalia	Virginia
Sympetrum janeae	Sympetrum janeae	Jane's meadowhawk	Insects	Animals	Animalia	Virginia
Leptophlebia johnsoni	Leptophlebia johnsoni	Johnson's pronggill mayfly	Insects	Animals	Animalia	Virginia
Aeshna constricta	Aeshna constricta	Lance-tipped darner	Insects	Animals	Animalia	Virginia
Stylurus laurae	Stylurus laurae	Laura's clubtail	Insects	Animals	Animalia	Virginia
Arigomphus furcifer	Arigomphus furcifer	Lilypad clubtail	Insects	Animals	Animalia	Virginia
Ophiogomphus mainensis	Ophiogomphus mainensis	Maine snaketail	Insects	Animals	Animalia	Virginia
Epitheca semiaquea	Epitheca semiaquea	Mantled baskettail	Insects	Animals	Animalia	Virginia
Enallagma ebrium	Enallagma ebrium	Marsh bluet	Insects	Animals	Animalia	Virginia
Celithemis martha	Celithemis martha	Martha's pennant	Insects	Animals	Animalia	Virginia
Gomphus fraternus	Gomphus fraternus	Midland clubtail	Insects	Animals	Animalia	Virginia
Gomphus adelphus	Gomphus adelphus	Moustached clubtail	Insects	Animals	Animalia	Virginia
Enallagma cyathigerum(different name in Explorer)	Enallagma cyathigerum(different name in Explorer)	Northern bluet	Insects	Animals	Animalia	Virginia
Lestes disjunctus	Lestes disjunctus	Northern common spreadwing	Insects	Animals	Animalia	Virginia
Lanthus parvulus	Lanthus parvulus	Northern pygmy clubtail	Insects	Animals	Animalia	Virginia
Ostrocerca complexa	Ostrocerca complexa	Notched forestfly	Insects	Animals	Animalia	Virginia
Enallagma pallidum	Enallagma pallidum	Pale bluet	Insects	Animals	Animalia	Virginia
Gomphus parvidens	Gomphus parvidens	Piedmont clubtail	Insects	Animals	Animalia	Virginia
Metriocnemus knabi	Metriocnemus knabi	Pitcher plant midge	Insects	Animals	Animalia	Virginia
Leucorrhinia proxima	Leucorrhinia proxima	Red-waisted whiteface	Insects	Animals	Animalia	Virginia
Coryphaeschna ingens	Coryphaeschna ingens	Regal darner	Insects	Animals	Animalia	Virginia
Ophiogomphus carolus	Ophiogomphus carolus	Riffle snaketail	Insects	Animals	Animalia	Virginia
Calopteryx aequabilis	Calopteryx aequabilis	River jewelwing	Insects	Animals	Animalia	Virginia
Stylurus amnicola	Stylurus amnicola	Riverine clubtail	Insects	Animals	Animalia	Virginia
Epitheca spinosa	Epitheca spinosa	Robust baskettail	Insects	Animals	Animalia	Virginia
Gomphus rogersi	Gomphus rogersi	Sable clubtail	Insects	Animals	Animalia	Virginia
Laccophilus schwarzi	Laccophilus schwarzi	Schwarz' diving beetle	Insects	Animals	Animalia	Virginia
Nehalennia irene	Nehalennia irene	Sedge sprite	Insects	Animals	Animalia	Virginia
Helocordulia selysii	Helocordulia selysii	Selys' sundragon	Insects	Animals	Animalia	Virginia
Somatochlora elongata	Somatochlora elongata	Ski-tailed emerald	Insects	Animals	Animalia	Virginia
Bolotoperla rossi	Bolotoperla rossi	Smoky willowfly	Insects	Animals	Animalia	Virginia
Tallaperla cornelia	Tallaperla cornelia	Southeastern roachfly	Insects	Animals	Animalia	Virginia
Wyeomyia haynei	Wyeomyia haynei	Southern pitcher plant mosquito	Insects	Animals	Animalia	Virginia
Nehalennia integricollis	Nehalennia integricollis	Southern sprite	Insects	Animals	Animalia	Virginia
Nehalennia gracilis	Nehalennia gracilis	Sphagnum sprite	Insects	Animals	Animalia	Virginia
Epitheca costalis	Epitheca costalis	Stripe-winged baskettail	Insects	Animals	Animalia	Virginia
Neurocordulia yamaskanensis	Neurocordulia yamaskanensis	Stygian shadowdragon	Insects	Animals	Animalia	Virginia
Calopteryx amata	Calopteryx amata	Superb jewelwing	Insects	Animals	Animalia	Virginia
Alloperla nanina	Alloperla nanina	Swannanoa sallfly	Insects	Animals	Animalia	Virginia
Somatochlora provocans	Somatochlora provocans	Treetop emerald	Insects	Animals	Animalia	Virginia
Alloperla banksi	Alloperla banksi	Tufted sallfly	Insects	Animals	Animalia	Virginia
Aphylla williamsoni	Aphylla williamsoni	Two-striped forceptail	Insects	Animals	Animalia	Virginia
Sympetrum corruptum	Sympetrum corruptum	Variegated meadowhawk	Insects	Animals	Animalia	Virginia
Ladona exusta	Ladona exusta	White corporal skimmer	Insects	Animals	Animalia	Virginia
Pseudiron centralis	Pseudiron centralis	White sand-river mayfly	Insects	Animals	Animalia	Virginia
Sympetrum obtrusum	Sympetrum obtrusum	White-faced meadowhawk	Insects	Animals	Animalia	Virginia
Somatochlora williamsoni	Somatochlora williamsoni	Williamson's emerald	Insects	Animals	Animalia	Virginia
Stylurus scudderi	Stylurus scudderi	Zebra clubtail	Insects	Animals	Animalia	Virginia
Atrytone arogos arogos	Atrytone arogos arogos	Arogos skipper	Insects	Animals	Animalia	Virginia
Bombus affinis	Bombus affinis	Rusty-patched bumble bee	Insects	Animals	Animalia	Virginia
Bombus bohemicus	Bombus bohemicus	Ashton Cuckoo Bumble Bee	Insects	Animals	Animalia	Virginia
Bombus variabilis	Bombus variabilis	Variable Cuckoo Bumble Bee	Insects	Animals	Animalia	Virginia
Neonympha mitchellii	Neonympha mitchellii	Mitchell's satyr	Insects	Animals	Animalia	Virginia
Nicrophorus americanus	Nicrophorus americanus	American burying beetle	Insects	Animals	Animalia	Virginia
Pseudanophthalmus holsingeri	Pseudanophthalmus holsingeri	Holsinger's cave beetle	Insects	Animals	Animalia	Virginia
Puto kosztarabi	Puto kosztarabi	Buffalo Mountain mealybug	Insects	Animals	Animalia	Virginia
Pyrgus wyandot	Pyrgus wyandot	Appalachian grizzled skipper	Insects	Animals	Animalia	Virginia
Speyeria idalia idalia	Speyeria idalia idalia	Regal fritillary	Insects	Animals	Animalia	Virginia
Apamea smythi	Apamea smythi	Smyth's Apamea moth	Insects	Animals	Animalia	Virginia
Bombus fraternus	Bombus fraternus	Southern Plains Bumble Bee	Insects	Animals	Animalia	Virginia
Catocala pretiosa pretiosa	Catocala pretiosa pretiosa	Precious underwing	Insects	Animals	Animalia	Virginia
Cicindela dorsalis dorsalis	Cicindela dorsalis dorsalis	Northeastern beach tiger beetle	Insects	Animals	Animalia	Virginia
Erynnis persius persius	Erynnis persius persius	Persius duskywing	Insects	Animals	Animalia	Virginia
Hesperia attalus slossonae	Hesperia attalus slossonae	Dotted skipper	Insects	Animals	Animalia	Virginia
Phyciodes batesii batesii	Phyciodes batesii batesii	Tawny crescent	Insects	Animals	Animalia	Virginia
Problema bulenta	Problema bulenta	Rare skipper	Insects	Animals	Animalia	Virginia
Pseudanophthalmus avernus	Pseudanophthalmus avernus	Avernus cave beetle	Insects	Animals	Animalia	Virginia
Pseudanophthalmus cordicollis	Pseudanophthalmus cordicollis	Little Kennedy Cave beetle	Insects	Animals	Animalia	Virginia
Pseudanophthalmus deceptivus	Pseudanophthalmus deceptivus	Deceptive cave beetle	Insects	Animals	Animalia	Virginia
Pseudanophthalmus egberti	Pseudanophthalmus egberti	New River Valley cave beetle	Insects	Animals	Animalia	Virginia
Pseudanophthalmus gracilis	Pseudanophthalmus gracilis	A cave beetle	Insects	Animals	Animalia	Virginia
Pseudanophthalmus hirsutus	Pseudanophthalmus hirsutus	Cumberland Gap cave beetle	Insects	Animals	Animalia	Virginia
Pseudanophthalmus hortulanus	Pseudanophthalmus hortulanus	Burkes Garden cave beetle	Insects	Animals	Animalia	Virginia
Pseudanophthalmus hubbardi	Pseudanophthalmus hubbardi	Hubbard's cave beetle	Insects	Animals	Animalia	Virginia
Pseudanophthalmus hubrichti	Pseudanophthalmus hubrichti	Hubricht's cave beetle	Insects	Animals	Animalia	Virginia
Pseudanophthalmus intersectus	Pseudanophthalmus intersectus	Crossroads Cave beetle	Insects	Animals	Animalia	Virginia
Pseudanophthalmus limicola	Pseudanophthalmus limicola	Mud-dwelling cave beetle	Insects	Animals	Animalia	Virginia
Pseudanophthalmus longiceps	Pseudanophthalmus longiceps	Long-headed cave beetle	Insects	Animals	Animalia	Virginia
Pseudanophthalmus nelsoni	Pseudanophthalmus nelsoni	Nelson's cave beetle	Insects	Animals	Animalia	Virginia
Pseudanophthalmus parvicollis	Pseudanophthalmus parvicollis	Thin-neck cave beetle	Insects	Animals	Animalia	Virginia
Pseudanophthalmus petrunkevitchi	Pseudanophthalmus petrunkevitchi	Petrunkevitch's cave beetle	Insects	Animals	Animalia	Virginia
Pseudanophthalmus pontis	Pseudanophthalmus pontis	Natural Bridge cave beetle	Insects	Animals	Animalia	Virginia
Pseudanophthalmus potomaca potomaca	Pseudanophthalmus potomaca potomaca	South Branch Valley cave beetle	Insects	Animals	Animalia	Virginia
Pseudanophthalmus praetermissus	Pseudanophthalmus praetermissus	Overlooked cave beetle	Insects	Animals	Animalia	Virginia
Pseudanophthalmus punctatus	Pseudanophthalmus punctatus	Spotted cave beetle	Insects	Animals	Animalia	Virginia
Pseudanophthalmus quadratus	Pseudanophthalmus quadratus	Straley's Cave beetle	Insects	Animals	Animalia	Virginia
Pseudanophthalmus rotundatus	Pseudanophthalmus rotundatus	Rotund cave beetle	Insects	Animals	Animalia	Virginia
Pseudanophthalmus sanctipauli	Pseudanophthalmus sanctipauli	Saint Paul cave beetle	Insects	Animals	Animalia	Virginia
Pseudanophthalmus seclusus	Pseudanophthalmus seclusus	A cave beetle	Insects	Animals	Animalia	Virginia
Pseudanophthalmus sericus	Pseudanophthalmus sericus	Silken cave beetle	Insects	Animals	Animalia	Virginia
Pseudanophthalmus thomasi	Pseudanophthalmus thomasi	Thomas' cave beetle	Insects	Animals	Animalia	Virginia
Pseudanophthalmus vicarius	Pseudanophthalmus vicarius	Vicariant cave beetle	Insects	Animals	Animalia	Virginia
Pseudanophthalmus virginicus	Pseudanophthalmus virginicus	Maiden Spring cave beetle	Insects	Animals	Animalia	Virginia
Amblyscirtes alternata	Amblyscirtes alternata	Dusky roadside-skipper	Insects	Animals	Animalia	Virginia
Appalachia hebardi	Appalachia hebardi	Appalachian grasshopper	Insects	Animals	Animalia	Virginia
Basilia boardmani	Basilia boardmani	Southeastern myotis bat fly	Insects	Animals	Animalia	Virginia
Bombus terricola	Bombus terricola	Yellow-banded Bumble Bee	Insects	Animals	Animalia	Virginia
Brachypanorpa jeffersoni	Brachypanorpa jeffersoni	Jefferson's short-nosed scorpionfly	Insects	Animals	Animalia	Virginia
Calephelis virginiensis	Calephelis virginiensis	Little metalmark	Insects	Animals	Animalia	Virginia
Callophrys hesseli	Callophrys hesseli	Hessel's hairstreak	Insects	Animals	Animalia	Virginia
Catocala dulciola	Catocala dulciola	Sweet underwing	Insects	Animals	Animalia	Virginia
Catocala herodias	Catocala herodias	Pine barrens underwing	Insects	Animals	Animalia	Virginia
Chlorochroa dismalia	Chlorochroa dismalia	Dismal Swamp green stink bug	Insects	Animals	Animalia	Virginia
Cicindela ancocisconensis	Cicindela ancocisconensis	Riverbank tiger beetle	Insects	Animals	Animalia	Virginia
Cicindela patruela	Cicindela patruela	Barrens tiger beetle	Insects	Animals	Animalia	Virginia
Cyclotrachelus incisus	Cyclotrachelus incisus	A ground beetle	Insects	Animals	Animalia	Virginia
Danaus plexippus plexippus	Danaus plexippus plexippus	Monarch Butterfly	Insects	Animals	Animalia	Virginia
Erynnis martialis	Erynnis martialis	Mottled duskywing	Insects	Animals	Animalia	Virginia
Erythroecia hebardi	Erythroecia hebardi	Hebard's noctuid moth	Insects	Animals	Animalia	Virginia
Euphyes dukesi	Euphyes dukesi	Dukes' skipper	Insects	Animals	Animalia	Virginia
Euphyes pilatka	Euphyes pilatka	Palatka skipper	Insects	Animals	Animalia	Virginia
Lordithon niger	Lordithon niger	Black lordithon rove beetle	Insects	Animals	Animalia	Virginia
Merolonche dolli	Merolonche dolli	Doll's Merolonch moth	Insects	Animals	Animalia	Virginia
Pnirontis brimleyi	Pnirontis brimleyi	Brimley's assassin bug	Insects	Animals	Animalia	Virginia
Pseudanophthalmus delicatus	Pseudanophthalmus delicatus	Delicate cave beetle	Insects	Animals	Animalia	Virginia
Pseudanophthalmus pusio	Pseudanophthalmus pusio	A cave beetle	Insects	Animals	Animalia	Virginia
Stachyocnemus apicalis	Stachyocnemus apicalis	Sandpit alydid bug	Insects	Animals	Animalia	Virginia
Tischeria perplexa	Tischeria perplexa	Chestnut leaf-mining moth	Insects	Animals	Animalia	Virginia
Acronicta albarufa	Acronicta albarufa	Barrens dagger moth	Insects	Animals	Animalia	Virginia
Allopodops mississippiensis	Allopodops mississippiensis	Mississippi turtle bug	Insects	Animals	Animalia	Virginia
Argillophora furcilla	Argillophora furcilla	A cane moth	Insects	Animals	Animalia	Virginia
Bombus fervidus	Bombus fervidus	Yellow Bumble Bee	Insects	Animals	Animalia	Virginia
Bombus pensylvanicus	Bombus pensylvanicus	American Bumble Bee	Insects	Animals	Animalia	Virginia
Bothynotus johnstoni	Bothynotus johnstoni	A mirid bug	Insects	Animals	Animalia	Virginia
Calephelis borealis	Calephelis borealis	Northern metalmark	Insects	Animals	Animalia	Virginia
Calligrapha pnirsa	Calligrapha pnirsa	A leaf beetle	Insects	Animals	Animalia	Virginia
Callophrys irus	Callophrys irus	Frosted elfin	Insects	Animals	Animalia	Virginia
Callophrys polios	Callophrys polios	Hoary elfin	Insects	Animals	Animalia	Virginia
Catocala consors sorsconi	Catocala consors sorsconi	Consort underwing	Insects	Animals	Animalia	Virginia
Catocala marmorata	Catocala marmorata	Marbled underwing	Insects	Animals	Animalia	Virginia
Cicindela abdominalis	Cicindela abdominalis	Orange-bellied tiger beetle	Insects	Animals	Animalia	Virginia
Cicindela formosa generosa	Cicindela formosa generosa	A tiger beetle	Insects	Animals	Animalia	Virginia
Cicindela gratiosa	Cicindela gratiosa	A tiger beetle	Insects	Animals	Animalia	Virginia
Cicindela lepida	Cicindela lepida	Spectral tiger beetle	Insects	Animals	Animalia	Virginia
Cicindela limbalis	Cicindela limbalis	A tiger beetle	Insects	Animals	Animalia	Virginia
Colias interior	Colias interior	Pink-edged sulphur	Insects	Animals	Animalia	Virginia
Ctenotrachelus shermani	Ctenotrachelus shermani	Combneck assassin bug	Insects	Animals	Animalia	Virginia
Dryobius sexnotatus	Dryobius sexnotatus	Six-banded longhorn beetle	Insects	Animals	Animalia	Virginia
Elasmostethus atricornis	Elasmostethus atricornis	Hercules club stink bug	Insects	Animals	Animalia	Virginia
Erora laeta	Erora laeta	Early hairstreak	Insects	Animals	Animalia	Virginia
Euchlaena milnei	Euchlaena milnei	Milne's Euchlaena moth	Insects	Animals	Animalia	Virginia
Euphyes bimacula	Euphyes bimacula	Two-spotted skipper	Insects	Animals	Animalia	Virginia
Euphyes conspicua	Euphyes conspicua	Black dash	Insects	Animals	Animalia	Virginia
Euxoa immixta	Euxoa immixta	Mixed dart moth	Insects	Animals	Animalia	Virginia
Faronta rubripennis	Faronta rubripennis	Pink-streak moth	Insects	Animals	Animalia	Virginia
Franclemontia interrogans	Franclemontia interrogans	A cane moth	Insects	Animals	Animalia	Virginia
Galgupha denudata	Galgupha denudata	A shield bug	Insects	Animals	Animalia	Virginia
Hadena ectypa	Hadena ectypa	A noctuid moth	Insects	Animals	Animalia	Virginia
Heliomata infulata	Heliomata infulata	Rare spring moth	Insects	Animals	Animalia	Virginia
Hypomecis buchholzaria	Hypomecis buchholzaria	Buchholz's gray moth	Insects	Animals	Animalia	Virginia
Lithophane lemmeri	Lithophane lemmeri	Lemmer's pinion moth	Insects	Animals	Animalia	Virginia
Lophosis labeculata	Lophosis labeculata	A geometrid moth	Insects	Animals	Animalia	Virginia
Lycaena hyllus	Lycaena hyllus	Bronze copper	Insects	Animals	Animalia	Virginia
Lytrosis permagnaria	Lytrosis permagnaria	A geometrid moth	Insects	Animals	Animalia	Virginia
Megathymus yuccae	Megathymus yuccae	Yucca giant-skipper	Insects	Animals	Animalia	Virginia
Melanoplus pachycercus	Melanoplus pachycercus	A spur-throat grasshopper	Insects	Animals	Animalia	Virginia
Meropleon titan	Meropleon titan	A noctuid moth	Insects	Animals	Animalia	Virginia
Nemoria tuscarora	Nemoria tuscarora	Tuscarora emerald	Insects	Animals	Animalia	Virginia
Neonympha areolata	Neonympha areolata	Georgia satyr	Insects	Animals	Animalia	Virginia
Oncozygia clavicornis	Oncozygia clavicornis	A turtle bug	Insects	Animals	Animalia	Virginia
Oxycilla mitographa	Oxycilla mitographa	A noctuid moth	Insects	Animals	Animalia	Virginia
Papaipema astuta	Papaipema astuta	Yellow stoneroot borer moth	Insects	Animals	Animalia	Virginia
Papaipema duplicata	Papaipema duplicata	Dark stoneroot borer moth	Insects	Animals	Animalia	Virginia
Phloeoxena signata	Phloeoxena signata	A ground beetle	Insects	Animals	Animalia	Virginia
Ploiaria hirticornis	Ploiaria hirticornis	An assassin bug	Insects	Animals	Animalia	Virginia
Polites mystic	Polites mystic	Long dash	Insects	Animals	Animalia	Virginia
Ptichodis bistrigata	Ptichodis bistrigata	Southern Ptichodis moth	Insects	Animals	Animalia	Virginia
Pygarctia abdominalis	Pygarctia abdominalis	Yellow-edged Pygarctia moth	Insects	Animals	Animalia	Virginia
Rhadine caudata	Rhadine caudata	A ground beetle	Insects	Animals	Animalia	Virginia
Satyrium kingi	Satyrium kingi	King's hairstreak	Insects	Animals	Animalia	Virginia
Scudderia septentrionalis	Scudderia septentrionalis	Northern bush katydid	Insects	Animals	Animalia	Virginia
Speyeria diana	Speyeria diana	Diana fritillary	Insects	Animals	Animalia	Virginia
Sphaeroderus schaumi	Sphaeroderus schaumi	Schaum's ground beetle	Insects	Animals	Animalia	Virginia
Synanthedon castaneae	Synanthedon castaneae	Chestnut clearwing moth	Insects	Animals	Animalia	Virginia
Zale curema	Zale curema	A noctuid moth	Insects	Animals	Animalia	Virginia
Stylodrilus beattiei	Stylodrilus beattiei	A cave lumbriculid worm	Other Invertebrates	Animals	Animalia	Virginia
Procotyla typhlops	Procotyla typhlops	A groundwater planarian	Other Invertebrates	Animals	Animalia	Virginia
Sphalloplana chandleri	Sphalloplana chandleri	Chandler's planarian	Other Invertebrates	Animals	Animalia	Virginia
Sphalloplana consimilis	Sphalloplana consimilis	Powell Valley planarian	Other Invertebrates	Animals	Animalia	Virginia
Sphalloplana virginiana	Sphalloplana virginiana	Rockbridge County cave planarian	Other Invertebrates	Animals	Animalia	Virginia
Spelaedrilus multiporus	Spelaedrilus multiporus	A cave lumbriculid worm	Other Invertebrates	Animals	Animalia	Virginia
Sphalloplana hypogea	Sphalloplana hypogea	A groundwater planarian	Other Invertebrates	Animals	Animalia	Virginia
Sphalloplana subtilis	Sphalloplana subtilis	Bigger's groundwater planarian	Other Invertebrates	Animals	Animalia	Virginia
Sphalloplana holsingeri	Sphalloplana holsingeri	Holsinger's groundwater planarian	Other Invertebrates	Animals	Animalia	Virginia
Geocentrophora cavernicola	Geocentrophora cavernicola	A cave planarian	Other Invertebrates	Animals	Animalia	Virginia
Ankyrodrilus legacus	Ankyrodrilus legacus	A branchiobdelid worm	Other Invertebrates	Animals	Animalia	Virginia
Cambarincola fallax	Cambarincola fallax	A cave obligate worm	Other Invertebrates	Animals	Animalia	Virginia
Polygyriscus virginianus	Polygyriscus virginianus	Virginia fringed mountain snail	Mollusks	Animals	Animalia	Virginia
Helicodiscus diadema	Helicodiscus diadema	Shaggy coil	Mollusks	Animals	Animalia	Virginia
Helicodiscus lirellus	Helicodiscus lirellus	Rubble coil	Mollusks	Animals	Animalia	Virginia
Paravitrea hera	Paravitrea hera	Spirit supercoil	Mollusks	Animals	Animalia	Virginia
Paravitrea septadens	Paravitrea septadens	Brown supercoil	Mollusks	Animals	Animalia	Virginia
Pseudotremia cavernarum	Pseudotremia cavernarum	Ellett Valley Pseudotremia millipede	Other Invertebrates	Animals	Animalia	Virginia
Sigmoria whiteheadi	Sigmoria whiteheadi	Laurel Creek xystodesmid millipede	Other Invertebrates	Animals	Animalia	Virginia
Aniulus orientalis	Aniulus orientalis	A millipede	Other Invertebrates	Animals	Animalia	Virginia
Apochthonius coecus	Apochthonius coecus	Cave pseudoscorpion	Other Invertebrates	Animals	Animalia	Virginia
Apochthonius holsingeri	Apochthonius holsingeri	Cave pseudoscorpion	Other Invertebrates	Animals	Animalia	Virginia
Auturus erythropygos	Auturus erythropygos	A millipede	Other Invertebrates	Animals	Animalia	Virginia
Barronopsis jeffersi	Barronopsis jeffersi	A funnel-web spider	Other Invertebrates	Animals	Animalia	Virginia
Brachoria cedra	Brachoria cedra	Cedar millipede	Other Invertebrates	Animals	Animalia	Virginia
Brachoria dentata	Brachoria dentata	A millipede	Other Invertebrates	Animals	Animalia	Virginia
Brachoria falcifera	Brachoria falcifera	Big Cedar Creek millipede	Other Invertebrates	Animals	Animalia	Virginia
Brachoria hoffmani	Brachoria hoffmani	Hoffman's xystodesmid millipede	Other Invertebrates	Animals	Animalia	Virginia
Brachoria insolita	Brachoria insolita	A millipede	Other Invertebrates	Animals	Animalia	Virginia
Brachoria laminata	Brachoria laminata	Keeton's millipede	Other Invertebrates	Animals	Animalia	Virginia
Brachoria mendota	Brachoria mendota	Collinwood millipede	Other Invertebrates	Animals	Animalia	Virginia
Brachoria turneri	Brachoria turneri	Turner's millipede	Other Invertebrates	Animals	Animalia	Virginia
Buotus carolinus	Buotus carolinus	A millipede	Other Invertebrates	Animals	Animalia	Virginia
Catinella hubrichti	Catinella hubrichti	Snowhill ambersnail	Mollusks	Animals	Animalia	Virginia
Chitrella superba	Chitrella superba	Cave pseudoscorpion	Other Invertebrates	Animals	Animalia	Virginia
Cleidogona fidelitor	Cleidogona fidelitor	Faithful millipede	Other Invertebrates	Animals	Animalia	Virginia
Cleidogona hoffmani	Cleidogona hoffmani	Hoffman's cleidogonid millipede	Other Invertebrates	Animals	Animalia	Virginia
Cleidogona lachesis	Cleidogona lachesis	A millipede	Other Invertebrates	Animals	Animalia	Virginia
Cleidogona medialis	Cleidogona medialis	Blowing Rock millipede	Other Invertebrates	Animals	Animalia	Virginia
Conotyla aeto	Conotyla aeto	Aeto millipede	Other Invertebrates	Animals	Animalia	Virginia
Conotyla celeno	Conotyla celeno	Celeno millipede	Other Invertebrates	Animals	Animalia	Virginia
Conotyla melinda	Conotyla melinda	Melinda millipede	Other Invertebrates	Animals	Animalia	Virginia
Conotyla venetia	Conotyla venetia	Venetia millipede	Other Invertebrates	Animals	Animalia	Virginia
Dixioria brooksi	Dixioria brooksi	Brooks millipede	Other Invertebrates	Animals	Animalia	Virginia
Dixioria fowleri	Dixioria fowleri	A millipede	Other Invertebrates	Animals	Animalia	Virginia
Escaryus cryptorobius	Escaryus cryptorobius	Montane centipede	Other Invertebrates	Animals	Animalia	Virginia
Escaryus orestes	Escaryus orestes	Whitetop Mountain centipede	Other Invertebrates	Animals	Animalia	Virginia
Glyphyalinia picea	Glyphyalinia picea	Rust glyph	Mollusks	Animals	Animalia	Virginia
Glyphyalinia raderi	Glyphyalinia raderi	Maryland glyph	Mollusks	Animals	Animalia	Virginia
Helicodiscus triodus	Helicodiscus triodus	Talus coil	Mollusks	Animals	Animalia	Virginia
Inflectarius kalmianus	Inflectarius kalmianus	Brown globelet	Mollusks	Animals	Animalia	Virginia
Islandiana muma	Islandiana muma	A cave spider	Other Invertebrates	Animals	Animalia	Virginia
Kleptochthonius anophthalmus	Kleptochthonius anophthalmus	A cave pseudoscorpion	Other Invertebrates	Animals	Animalia	Virginia
Kleptochthonius binoculatus	Kleptochthonius binoculatus	A cave pseudoscorpion	Other Invertebrates	Animals	Animalia	Virginia
Kleptochthonius gertschi	Kleptochthonius gertschi	Gertsch's cave pseudoscorpion	Other Invertebrates	Animals	Animalia	Virginia
Kleptochthonius lutzi	Kleptochthonius lutzi	Lutz's cave pseudoscorpion	Other Invertebrates	Animals	Animalia	Virginia
Kleptochthonius proximosetus	Kleptochthonius proximosetus	A cave pseudoscorpion	Other Invertebrates	Animals	Animalia	Virginia
Kleptochthonius regulus	Kleptochthonius regulus	A cave pseudoscorpion	Other Invertebrates	Animals	Animalia	Virginia
Kleptochthonius similis	Kleptochthonius similis	A cave pseudoscorpion	Other Invertebrates	Animals	Animalia	Virginia
Megapallifera wetherbyi	Megapallifera wetherbyi	Blotchy mantleslug	Mollusks	Animals	Animalia	Virginia
Mesodon andrewsae	Mesodon andrewsae	Balsam globe	Mollusks	Animals	Animalia	Virginia
Microcreagris valentinei	Microcreagris valentinei	Valentine's cave pseudoscorpion	Other Invertebrates	Animals	Animalia	Virginia
Mundochthonius holsingeri	Mundochthonius holsingeri	A cave pseudoscorpion	Other Invertebrates	Animals	Animalia	Virginia
Nannaria conservata	Nannaria conservata	Duke Forest xystodesmid millipede	Other Invertebrates	Animals	Animalia	Virginia
Nannaria laminata	Nannaria laminata	Smith Creek xystodesmid millipede	Other Invertebrates	Animals	Animalia	Virginia
Nannaria shenandoah	Nannaria shenandoah	Shenandoah Mountain xystodesmid millipede	Other Invertebrates	Animals	Animalia	Virginia
Nannaria simplex	Nannaria simplex	A millipede	Other Invertebrates	Animals	Animalia	Virginia
Pallifera hemphilli	Pallifera hemphilli	Black mantleslug	Mollusks	Animals	Animalia	Virginia
Paravitrea blarina	Paravitrea blarina	Shrew supercoil	Mollusks	Animals	Animalia	Virginia
Paravitrea dentilla	Paravitrea dentilla	Comb supercoil	Mollusks	Animals	Animalia	Virginia
Paravitrea mira	Paravitrea mira	Funnel supercoil	Mollusks	Animals	Animalia	Virginia
Paravitrea placentula	Paravitrea placentula	Glossy supercoil	Mollusks	Animals	Animalia	Virginia
Paravitrea reesei	Paravitrea reesei	Round supercoil	Mollusks	Animals	Animalia	Virginia
Paravitrea seradens	Paravitrea seradens	Barred supercoil	Mollusks	Animals	Animalia	Virginia
Paravitrea subtilis	Paravitrea subtilis	Slender supercoil	Mollusks	Animals	Animalia	Virginia
Pseudotremia alecto	Pseudotremia alecto	A millipede	Other Invertebrates	Animals	Animalia	Virginia
Pseudotremia armesi	Pseudotremia armesi	A millipede	Other Invertebrates	Animals	Animalia	Virginia
Pseudotremia momus	Pseudotremia momus	A millipede	Other Invertebrates	Animals	Animalia	Virginia
Pseudotremia princeps	Pseudotremia princeps	South Branch Valley cave millipede	Other Invertebrates	Animals	Animalia	Virginia
Pseudotremia sublevis	Pseudotremia sublevis	A millipede	Other Invertebrates	Animals	Animalia	Virginia
Pseudotremia tuberculata	Pseudotremia tuberculata	A millipede	Other Invertebrates	Animals	Animalia	Virginia
Stenotrema altispira	Stenotrema altispira	Highland slitmouth	Mollusks	Animals	Animalia	Virginia
Striaria causeyae	Striaria causeyae	A millipede	Other Invertebrates	Animals	Animalia	Virginia
Striaria columbiana	Striaria columbiana	A millipede	Other Invertebrates	Animals	Animalia	Virginia
Striaria granulosa	Striaria granulosa	A millipede	Other Invertebrates	Animals	Animalia	Virginia
Trichopetalum dux	Trichopetalum dux	A millipede	Other Invertebrates	Animals	Animalia	Virginia
Triodopsis pendula	Triodopsis pendula	Hanging Rock threetooth	Mollusks	Animals	Animalia	Virginia
Triodopsis picea	Triodopsis picea	Spruce Knob threetooth	Mollusks	Animals	Animalia	Virginia
Vertigo bollesiana	Vertigo bollesiana	Delicate vertigo	Mollusks	Animals	Animalia	Virginia
Anguispira jessica	Anguispira jessica	Mountain disc	Mollusks	Animals	Animalia	Virginia
Anthrobia mammouthia	Anthrobia mammouthia	A cave spider	Other Invertebrates	Animals	Animalia	Virginia
Antrodiaetus robustus	Antrodiaetus robustus	Robust trapdoor spider	Other Invertebrates	Animals	Animalia	Virginia
Bathyphantes weyeri	Bathyphantes weyeri	A cave spider	Other Invertebrates	Animals	Animalia	Virginia
Brachoria separanda calcaria	Brachoria separanda calcaria	A millipede	Other Invertebrates	Animals	Animalia	Virginia
Brachoria separanda hamata	Brachoria separanda hamata	A millipede	Other Invertebrates	Animals	Animalia	Virginia
Brachoria separanda versicolor	Brachoria separanda versicolor	A millipede	Other Invertebrates	Animals	Animalia	Virginia
Chitrella cavicola	Chitrella cavicola	A cave pseudoscorpion	Other Invertebrates	Animals	Animalia	Virginia
Dixioria coronata	Dixioria coronata	A millipede	Other Invertebrates	Animals	Animalia	Virginia
Fumonelix wheatleyi	Fumonelix wheatleyi	Clingman covert	Mollusks	Animals	Animalia	Virginia
Gastrocopta clappi	Gastrocopta clappi	Bluegrass snaggletooth	Mollusks	Animals	Animalia	Virginia
Gastrodonta fonticula	Gastrodonta fonticula	Appalachia bellytooth	Mollusks	Animals	Animalia	Virginia
Glyphyalinia virginica	Glyphyalinia virginica	Depressed glyph	Mollusks	Animals	Animalia	Virginia
Hypochilus gertschi	Hypochilus gertschi	Gertsch's lampshade-web spider	Other Invertebrates	Animals	Animalia	Virginia
Kleptochthonius polychaetus	Kleptochthonius polychaetus	Shenandoah pseudoscorpion	Other Invertebrates	Animals	Animalia	Virginia
Lobosculum pustuloides	Lobosculum pustuloides	Tiny liptooth	Mollusks	Animals	Animalia	Virginia
Mesomphix subplanus	Mesomphix subplanus	Flat button	Mollusks	Animals	Animalia	Virginia
Millerelix plicata	Millerelix plicata	Cumberland liptooth	Mollusks	Animals	Animalia	Virginia
Nampabius turbator	Nampabius turbator	A cave centipede	Other Invertebrates	Animals	Animalia	Virginia
Nannaria ericaea	Nannaria ericaea	McGraw Gap xystodesmid millipede	Other Invertebrates	Animals	Animalia	Virginia
Pallifera varia	Pallifera varia	Variable mantleslug	Mollusks	Animals	Animalia	Virginia
Paravitrea pontis	Paravitrea pontis	Natural Bridge supercoil	Mollusks	Animals	Animalia	Virginia
Patera panselenus	Patera panselenus	Virginia bladetooth	Mollusks	Animals	Animalia	Virginia
Philomycus virginicus	Philomycus virginicus	Virginia mantleslug	Mollusks	Animals	Animalia	Virginia
Pseudopolydesmus paludicolous	Pseudopolydesmus paludicolous	A millipede	Other Invertebrates	Animals	Animalia	Virginia
Semionellus placidus	Semionellus placidus	A millipede	Other Invertebrates	Animals	Animalia	Virginia
Stenotrema spinosum	Stenotrema spinosum	Carinate slitmouth	Mollusks	Animals	Animalia	Virginia
Triodopsis anteridon	Triodopsis anteridon	Carter threetooth	Mollusks	Animals	Animalia	Virginia
Uroblaniulus jerseyi	Uroblaniulus jerseyi	A millipede	Other Invertebrates	Animals	Animalia	Virginia
Ventridens coelaxis	Ventridens coelaxis	Bidentate dome	Mollusks	Animals	Animalia	Virginia
Ventridens lawae	Ventridens lawae	Rounded dome	Mollusks	Animals	Animalia	Virginia
Vertigo clappi	Vertigo clappi	Cupped vertigo	Mollusks	Animals	Animalia	Virginia
Vertigo parvula	Vertigo parvula	Smallmouth vertigo	Mollusks	Animals	Animalia	Virginia
Vertigo ventricosa	Vertigo ventricosa	Five-tooth vertigo	Mollusks	Animals	Animalia	Virginia
Abacion tessalatum	Abacion tessalatum	A millipede	Other Invertebrates	Animals	Animalia	Virginia
Amaurobius borealis	Amaurobius borealis	An amaurobiid spider	Other Invertebrates	Animals	Animalia	Virginia
Anahita punctulata	Anahita punctulata	Southeastern wandering spider	Other Invertebrates	Animals	Animalia	Virginia
Apheloria virginiensis	Apheloria virginiensis	A millipede	Other Invertebrates	Animals	Animalia	Virginia
Boraria infesta	Boraria infesta	A millipede	Other Invertebrates	Animals	Animalia	Virginia
Brachoria ethotela	Brachoria ethotela	Hungry mother millipede	Other Invertebrates	Animals	Animalia	Virginia
Brachoria separanda	Brachoria separanda	A millipede	Other Invertebrates	Animals	Animalia	Virginia
Castianeira trilineata	Castianeira trilineata	A two-clawed hunting spider	Other Invertebrates	Animals	Animalia	Virginia
Chaetaspis albus	Chaetaspis albus	A millipede	Other Invertebrates	Animals	Animalia	Virginia
Cherokia georgiana latassa	Cherokia georgiana latassa	A millipede	Other Invertebrates	Animals	Animalia	Virginia
Clubiona spiralis	Clubiona spiralis	A two-clawed hunting spider	Other Invertebrates	Animals	Animalia	Virginia
Desmonus earlei	Desmonus earlei	A millipede	Other Invertebrates	Animals	Animalia	Virginia
Discus nigrimontanus	Discus nigrimontanus	Black Mountain disc	Mollusks	Animals	Animalia	Virginia
Drassyllus louisianus	Drassyllus louisianus	A gnaphosid spider	Other Invertebrates	Animals	Animalia	Virginia
Escaryus ethopus	Escaryus ethopus	A centipede	Other Invertebrates	Animals	Animalia	Virginia
Euchemotrema leai	Euchemotrema leai	Lowland pillsnail	Mollusks	Animals	Animalia	Virginia
Euryurus leachi fraternus	Euryurus leachi fraternus	A millipede	Other Invertebrates	Animals	Animalia	Virginia
Gasteracantha cancriformis	Gasteracantha cancriformis	Crablike spiny orb weaver	Other Invertebrates	Animals	Animalia	Virginia
Gastrocopta pellucida	Gastrocopta pellucida	Slim snaggletooth	Mollusks	Animals	Animalia	Virginia
Glyphyalinia praecox	Glyphyalinia praecox	Brilliant glyph	Mollusks	Animals	Animalia	Virginia
Glyphyalinia sculptilis	Glyphyalinia sculptilis	Suborb glyph	Mollusks	Animals	Animalia	Virginia
Gnaphosa fontinalis	Gnaphosa fontinalis	A gnaphosid spider	Other Invertebrates	Animals	Animalia	Virginia
Gyalostethus monticolens	Gyalostethus monticolens	A millipede	Other Invertebrates	Animals	Animalia	Virginia
Helicodiscus multidens	Helicodiscus multidens	Twilight coil	Mollusks	Animals	Animalia	Virginia
Helicodiscus shimeki	Helicodiscus shimeki	Temperate coil	Mollusks	Animals	Animalia	Virginia
Hendersonia occulta	Hendersonia occulta	Cherrystone drop	Mollusks	Animals	Animalia	Virginia
Hypochilus pococki	Hypochilus pococki	Pocock's lampshade-web spider	Other Invertebrates	Animals	Animalia	Virginia
Hypochilus thorelli	Hypochilus thorelli	Thorell's lampshade-web spider	Other Invertebrates	Animals	Animalia	Virginia
Lycosa lenta	Lycosa lenta	A wolf spider	Other Invertebrates	Animals	Animalia	Virginia
Mesodon clausus	Mesodon clausus	Yellow globelet snail	Mollusks	Animals	Animalia	Virginia
Mesodon elevatus	Mesodon elevatus	Proud globe snail	Mollusks	Animals	Animalia	Virginia
Mesomphix rugeli	Mesomphix rugeli	Wrinkled button	Mollusks	Animals	Animalia	Virginia
Nannaria wilsoni	Nannaria wilsoni	A millipede	Other Invertebrates	Animals	Animalia	Virginia
Okeanobates americanus	Okeanobates americanus	A millipede	Other Invertebrates	Animals	Animalia	Virginia
Onomeris underwoodi	Onomeris underwoodi	A millipede	Other Invertebrates	Animals	Animalia	Virginia
Orinisobates nigrior	Orinisobates nigrior	A millipede	Other Invertebrates	Animals	Animalia	Virginia
Patera laevior	Patera laevior	Smooth bladetooth	Mollusks	Animals	Animalia	Virginia
Petaserpes rosalbus	Petaserpes rosalbus	A millipede	Other Invertebrates	Animals	Animalia	Virginia
Petaserpes strictus	Petaserpes strictus	A millipede	Other Invertebrates	Animals	Animalia	Virginia
Pisaurina dubia	Pisaurina dubia	A nursery-web spider	Other Invertebrates	Animals	Animalia	Virginia
Pseudotremia valga	Pseudotremia valga	A millipede	Other Invertebrates	Animals	Animalia	Virginia
Pupilla muscorum	Pupilla muscorum	Widespread column	Mollusks	Animals	Animalia	Virginia
Rudiloria kleinpeteri	Rudiloria kleinpeteri	A millipede	Other Invertebrates	Animals	Animalia	Virginia
Rudiloria trimaculata tortua	Rudiloria trimaculata tortua	A millipede	Other Invertebrates	Animals	Animalia	Virginia
Scytonotus virginicus	Scytonotus virginicus	A millipede	Other Invertebrates	Animals	Animalia	Virginia
Sphodros atlanticus	Sphodros atlanticus	Atlantic purse-web spider	Other Invertebrates	Animals	Animalia	Virginia
Sphodros coylei	Sphodros coylei	Coyle's purse-web spider	Other Invertebrates	Animals	Animalia	Virginia
Sphodros niger	Sphodros niger	Black purse-web spider	Other Invertebrates	Animals	Animalia	Virginia
Sphodros rufipes	Sphodros rufipes	Red-legged purse-web spider	Other Invertebrates	Animals	Animalia	Virginia
Striatura exigua	Striatura exigua	Ribbed striate	Mollusks	Animals	Animalia	Virginia
Striatura milium	Striatura milium	Fine-ribbed striate	Mollusks	Animals	Animalia	Virginia
Thalassisobates littoralis	Thalassisobates littoralis	A millipede	Other Invertebrates	Animals	Animalia	Virginia
Trichomeris sinuata	Trichomeris sinuata	A millipede	Other Invertebrates	Animals	Animalia	Virginia
Trichopetalum lunatum	Trichopetalum lunatum	A millipede	Other Invertebrates	Animals	Animalia	Virginia
Triodopsis burchi	Triodopsis burchi	Pittsylvania three-tooth	Mollusks	Animals	Animalia	Virginia
Triodopsis fradulenta	Triodopsis fradulenta	Baffled three-tooth	Mollusks	Animals	Animalia	Virginia
Triodopsis messana	Triodopsis messana	Pinhole threetooth	Mollusks	Animals	Animalia	Virginia
Triodopsis rugosa	Triodopsis rugosa	Buttressed threetooth	Mollusks	Animals	Animalia	Virginia
Triodopsis tennesseensis	Triodopsis tennesseensis	Budded three-tooth	Mollusks	Animals	Animalia	Virginia
Uroblaniulus canadensis	Uroblaniulus canadensis	A millipede	Other Invertebrates	Animals	Animalia	Virginia
Vaejovis carolinianus	Vaejovis carolinianus	Carolina scorpion	Other Invertebrates	Animals	Animalia	Virginia
Vallonia parvula	Vallonia parvula	Trumpet vallonia	Mollusks	Animals	Animalia	Virginia
Ventridens arcellus	Ventridens arcellus	Golden dome	Mollusks	Animals	Animalia	Virginia
Ventridens lasmodon	Ventridens lasmodon	Hollow dome	Mollusks	Animals	Animalia	Virginia
Ventridens pilsbryi	Ventridens pilsbryi	Yellow dome	Mollusks	Animals	Animalia	Virginia
Vertigo oralis	Vertigo oralis	Palmetto vertigo	Mollusks	Animals	Animalia	Virginia
Vertigo ovata	Vertigo ovata	Ovate vertigo snail	Mollusks	Animals	Animalia	Virginia
Vertigo teskeyae	Vertigo teskeyae	Swamp vertigo	Mollusks	Animals	Animalia	Virginia
Virgoiulus minutus	Virgoiulus minutus	A millipede	Other Invertebrates	Animals	Animalia	Virginia
Vitrinizonites latissimus	Vitrinizonites latissimus	Glassy grapeskin	Mollusks	Animals	Animalia	Virginia
Xysticus emertoni	Xysticus emertoni	Emerton's crab spider	Other Invertebrates	Animals	Animalia	Virginia
